SET NAMES 'utf8';

START TRANSACTION;

    INSERT INTO Seguridad (Id_seg, Descripcion, Nivel) VALUES
        (1, "Baja", 1),
        (2, "Media", 50),
        (3, "Alta", 100);

    INSERT INTO Franja_horaria(Id_franja, Hora_entrada, Hora_salida) VALUES
	    (1, '08:00', '12:00'),
        (2, '13:00', '17:00'),
        (3, '8:00', '16:00'),
        (4, '17:00', '21:00');

    INSERT INTO Tarea (Id_tarea, Descripcion) VALUES
	    (1, 'Análisis de muestras de agua'),
	    (2, 'Pruebas microbiológicas'),
	    (3, 'Análisis de suelos'),
	    (4, 'Identificación de compuestos químicos'),
	    (5, 'Pruebas de resistencia de materiales'),
	    (6, 'Análisis de alimentos'),
	    (7, 'Determinación de pH'),
	    (8, 'Análisis de muestras de aire'),
	    (9, 'Pruebas de toxicidad'),
	    (10, 'Análisis de productos farmacéuticos'),
	    (11, 'Calibración de equipos de laboratorio'),
	    (12, 'Preparación de soluciones químicas'),
	    (13, 'Limpieza y desinfección de equipos'),
	    (14, 'Mantenimiento de instrumentos de medición'),
	    (15, 'Gestión de residuos peligrosos'),
	    (16, 'Muestreo de campo'),
	    (17, 'Validación de métodos de análisis'),
	    (18, 'Control de calidad de muestras'),
	    (19, 'Mantenimiento de registros de laboratorio'),
	    (20, 'Limpieza de áreas de trabajo'),
	    (21, 'Calibración de balanzas'),
	    (22, 'Preparación de medios de cultivo'),
	    (23, 'Revisión y actualización de procedimientos'),
	    (24, 'Verificación de condiciones ambientales'),
	    (25, 'Estudio de estabilidad de productos'),
	    (26, 'Limpieza de campanas extractoras'),
	    (27, 'Inspección y mantenimiento de sistemas de ventilación'),
	    (28, 'Pruebas de rendimiento de equipos'),
	    (29, 'Mantenimiento de inventario de reactivos'),
	    (30, 'Descontaminación de superficies'),
	    (31, 'Revisión de protocolos de seguridad'),
	    (32, 'Verificación de equipos de seguridad'),
	    (33, 'Control de plagas en el laboratorio'),
	    (34, 'Organización de muestras y almacenamiento'),
	    (35, 'Mantenimiento de registros de calibración');

    INSERT INTO Especialidad (Id_esp, Descripcion) VALUES
        (1, "Cromatografía"),
        (2, "Microbiología"),
        (3, "Biología Molecular"),
        (4, "Bioquímica"),
        (5, "Genética"),
        (6, "Inmunología"),
        (7, "Fisiología"),
        (8, "Toxicología"),
        (9, "Análisis de Alimentos"),
        (10, "Química Analítica"),
        (11, "Farmacología"),
        (12, "Neurociencia"),
        (13, "Virología"),
        (14, "Hematología"),
        (15, "Parasitología"),
        (16, "Immunohistoquímica"),
        (17, "Biología Celular"),
        (18, "Biotecnología"),
        (19, "Microscopía"),
        (20, "Análisis Clínicos"),
        (21, "Nutrición"),
        (22, "Anatomía Patológica"),
        (23, "Patología Molecular"),
        (24, "Embriología"),
        (25, "Ecología"),
        (26, "Epidemiología"),
        (27, "Ecotoxicología"),
        (28, "Investigación Clínica");

    INSERT INTO `Empleado` (`Legajo`,`Nombre`,`Apellido`,`F_nac`,`Nro_tel`,`Huella`,`Pwd`,`Tipo_empl`,`Id_seg`) VALUES
        (1000,"Ariel","Arnold","1997-03-08","+541107277740","EJWSY03958","76276VNUQR","jerarquico","1"),
        (1001,"Elliott","Sharpe","1998-11-30","+542237034282","DMVYB61433","53683MPJMC","jerarquico","3"),
        (1002,"Leroy","Bass","1964-07-15","+541148150642","KKEIW58061","34835WBWIE","jerarquico","2"),
        (1003,"Gray","Webb","1962-12-09","+541103064699","PVTMZ38778","13791MRNSN","jerarquico","1"),
        (1004,"Ainsley","Wall","1970-09-01","+541184843755","BCXID63866","52747TJXSI","jerarquico","1"),
        (1005,"Daria","Burt","1991-10-28","+541124296736","GVUQQ39821","57439CKNWH","jerarquico","3"),
        (1006,"Paula","Dejesus","1966-07-06","+542237301273","UJPBO45326","85237FGNDZ","jerarquico","3"),
        (1007,"Aphrodite","Williamson","1993-01-24","+541127407133","KMUVX62245","16266SLOKC","jerarquico","2"),
        (1008,"Sophia","Waller","1965-03-19","+541158476655","PYXTP27383","17270EHMAM","jerarquico","3"),
        (1009,"Dalton","Tillman","1995-06-04","+541125768306","IMTQF62460","03307HFXJF","jerarquico","3"),
        (1010,"Shea","Mendez","1993-01-09","+542238748878","SABSU23267","17574PHTMS","jerarquico","3"),
        (1011,"Ishmael","Lewis","1961-09-28","+542231212685","GEFMO21266","83950QGEDF","jerarquico","3"),
        (1012,"Lars","Riddle","1996-02-11","+542236188237","XOUXT64524","42661GMUVS","jerarquico","3"),
        (1013,"Melissa","Davis","1963-12-19","+542230277647","HPJJL55632","47675ZQEPS","jerarquico","1"),
        (1014,"Edward","Weeks","1997-05-25","+541145389618","ESWWM37211","07642DEPFO","jerarquico","2"),
        (1015,"Rudyard","Grant","1982-02-27","+541119520445","QCJPB21581","72043XOLTF","no_profesional","1"),
        (1016,"Zia","Webb","1982-06-16","+542239082917","XMBLS15008","95775QEXKQ","no_profesional","1"),
        (1017,"Steven","Mcdaniel","1965-01-02","+542236468331","GVBKO64636","63786QGBZP","no_profesional","2"),
        (1018,"Ashely","Tanner","1985-10-31","+542234241154","MRPCO28774","33916QZIIJ","no_profesional","3"),
        (1019,"Aiko","Adams","1983-04-01","+542237184322","EEVJK06102","52242LQUIQ","no_profesional","3"),
        (1020,"Victor","Glover","1989-08-23","+541190477034","RENWN34950","43134NVIBS","no_profesional","1"),
        (1021,"Talon","Ochoa","1993-09-29","+542230479742","DGFCX48617","68151TRHGP","no_profesional","2"),
        (1022,"Dacey","Riddle","1992-07-24","+541113672623","JCLLU62566","14158RUNSH","no_profesional","2"),
        (1023,"Reed","Farmer","1997-08-19","+541124116269","BBSYI58257","79765YTWQL","no_profesional","3"),
        (1024,"Ginger","Boyle","1962-07-02","+541184631438","AWELY50397","68208VKAES","no_profesional","1"),
        (1025,"Gail","Forbes","1984-03-27","+542234697831","VVTUL83823","21521HDTDU","no_profesional","1"),
        (1026,"Slade","Sellers","1974-06-26","+542234177048","JZUUR87193","54255NPGDQ","no_profesional","1"),
        (1027,"Barrett","Freeman","1962-01-28","+541191411762","YGOIC27572","50864NGGNA","no_profesional","3"),
        (1028,"Katell","Kirk","1987-01-10","+542236316278","NCKYD46523","32645ENJWH","no_profesional","3"),
        (1029,"Camden","Hardy","1992-01-22","+542232146612","HJRGP68926","05084IEBTG","no_profesional","1"),
        (1030,"Stone","Delgado","1967-06-23","+541132477336","XSVYH02411","30481BPHHT","no_profesional","1"),
        (1031,"Philip","Booker","1996-08-26","+541117745875","DNFUI54675","03086EKGKX","no_profesional","1"),
        (1032,"Timothy","Herrera","1979-04-11","+541164574651","UURGV67627","91693ZVNXT","no_profesional","1"),
        (1033,"Galena","Underwood","1987-02-07","+542233843255","WIQDS71233","72656PGPLG","no_profesional","3"),
        (1034,"Jack","Pearson","1969-06-01","+541152414990","YPZID14583","77582LOWSD","no_profesional","1"),
        (1035,"Tana","Britt","1966-06-30","+542235768142","PITYA90793","75157UHALW","no_profesional","2"),
        (1036,"Raphael","Tran","1965-06-24","+541121282098","ZYRNW06010","23534PVMIC","no_profesional","2"),
        (1037,"Venus","Oneil","1963-09-08","+542231202996","ELAES12525","21445GNHLF","no_profesional","2"),
        (1038,"Amelia","Becker","1976-02-21","+542232928749","FOYLC37717","08183FHDJN","no_profesional","3"),
        (1039,"Cameran","Kinney","1960-01-06","+541134356473","LGPDA16886","31117CGFGX","no_profesional","3"),
        (1040,"Richard","Wright","1991-12-18","+542231054333","RWJRD91671","55175HXCOQ","no_profesional","1"),
        (1041,"Emma","Huffman","1984-05-05","+541125341183","XUEUS14722","96240OZNDB","no_profesional","3"),
        (1042,"Alec","Rasmussen","1987-07-12","+542234459917","NUTPK66953","47429XVXMV","no_profesional","3"),
        (1043,"Fulton","Hopkins","2000-02-09","+541121884511","XIHHU36854","93775KFDVU","no_profesional","1"),
        (1044,"Holmes","Wells","1971-01-20","+542231235658","QYKSK67768","18456NCBEH","no_profesional","2"),
        (1045,"Camilla","Walls","1979-06-13","+542231580995","COVDB17546","81179STMHX","no_profesional","2"),
        (1046,"Alfreda","Ewing","1977-05-07","+541137222637","BGFLJ01853","76674TVSVS","no_profesional","2"),
        (1047,"Diana","Bruce","1961-04-19","+541178887838","JIBTK71962","34814GNQCC","no_profesional","3"),
        (1048,"Kuame","Duncan","1980-06-14","+542231384466","KNHHQ71138","42022NXHEB","no_profesional","3"),
        (1049,"Keith","Kane","1975-03-25","+542237285758","CQAZZ62582","33768TTMSS","no_profesional","1"),
        (1050,"Wayne","Rhodes","1995-02-03","+542234536876","MZHFK75128","25026HABER","no_profesional","1"),
        (1051,"Wyoming","Dale","1978-05-26","+542235324593","ITMUX95143","56895REKME","no_profesional","3"),
        (1052,"Giacomo","Coffey","1974-01-21","+542233271587","IYRFQ47195","60047FZBVS","no_profesional","3"),
        (1053,"Hammett","Newman","1983-09-02","+541173343368","PEYHO31155","56152WYNPW","no_profesional","1"),
        (1054,"Kirestin","Norton","1988-11-10","+542232760252","BKGGZ91925","42890FOYHY","no_profesional","1"),
        (1055,"Peter","Wilder","1984-05-24","+541161301555","MDJPY01215","87564DPSWK","no_profesional","2"),
        (1056,"Sheila","Bryan","1997-06-17","+541164691166","BKRNL95556","54469UWUGO","no_profesional","3"),
        (1057,"Doris","Lowe","1981-02-20","+542231175948","INLWY97642","98688BMMBO","no_profesional","3"),
        (1058,"Ruth","Lindsey","1990-08-22","+541162432095","OUDKC37647","21119ILYET","no_profesional","1"),
        (1059,"Kirby","Reynolds","1969-12-07","+542236575559","QIXMC72572","25654TPMRS","no_profesional","3"),
        (1060,"Morgan","Marsh","1963-12-25","+541146455121","XPTOT89612","42188GZPNY","no_profesional","3"),
        (1061,"Jeanette","Stein","1990-10-29","+542232356527","IKEYH97114","25178VYSLZ","no_profesional","1"),
        (1062,"Kylee","Graham","1982-01-26","+541186820621","JLQSC46581","75801SQRFG","no_profesional","3"),
        (1063,"Alma","Holden","1996-09-15","+541133676912","PCVBP70936","19002NOTRT","no_profesional","2"),
        (1064,"Elton","Finley","1975-06-08","+541178224382","TCWMW75291","48582GZGYY","no_profesional","1"),
        (1065,"Shelby","Barnett","1965-02-09","+542238222994","LPQVC80683","10678CJBQO","no_profesional","3"),
        (1066,"Piper","Faulkner","1979-04-12","+541153234002","CHNMH00303","18288TIKET","no_profesional","1"),
        (1067,"Gloria","Haney","1976-10-27","+542232549512","OTUAQ51762","57087JPCQJ","no_profesional","2"),
        (1068,"Claudia","Klein","1972-05-10","+542235663427","JFSJB55431","05363NIXCV","no_profesional","3"),
        (1069,"Wynter","Mejia","1978-07-01","+542236722203","HQOXA40110","06876GOCMY","no_profesional","3"),
        (1070,"Daryl","Tanner","1999-04-06","+541186308386","WQUGG40328","43687YVADP","no_profesional","3"),
        (1071,"Yael","Weiss","1985-11-19","+542235096685","XHKHJ67868","80426ILKUH","no_profesional","3"),
        (1072,"Nerea","Davis","1983-08-06","+541162373451","CHGMJ46236","81735EJIYF","no_profesional","1"),
        (1073,"Jolene","Herring","1982-01-23","+542231670168","NTWFB80505","22546AKVOU","no_profesional","3"),
        (1074,"Amaya","Swanson","1990-05-30","+541182485632","WGPKT14417","38337PIDJB","no_profesional","2"),
        (1075,"Octavius","Jimenez","1967-06-19","+542233418653","DITJY47013","05139BWKPF","no_profesional","1"),
        (1076,"MacKenzie","Giles","2002-04-13","+541147823813","OATNW67157","84531GEAEG","no_profesional","1"),
        (1077,"Sasha","Langley","1977-07-01","+542238548813","WWIIK77376","85014KXOTX","no_profesional","3"),
        (1078,"Jacob","Summers","1996-03-04","+541163078432","NQKQI47442","53653FAXOG","no_profesional","3"),
        (1079,"Kadeem","Chapman","1992-08-05","+542234634688","VVIXK44061","61314XYRLN","no_profesional","1"),
        (1080,"Charde","Mckee","1994-07-25","+542232745360","MCIDT25629","86422CGBKR","no_profesional","1"),
        (1081,"Angela","Stanley","1973-05-11","+542235671992","CYDAA80445","22329LLUIR","no_profesional","3"),
        (1082,"August","Ashley","1977-08-04","+541199105162","EIBGK28841","32115JMRKD","no_profesional","1"),
        (1083,"George","Howard","1972-07-17","+542236405734","NDUXY93847","89254IINKI","no_profesional","3"),
        (1084,"Ryan","Glass","1962-02-24","+541116986054","YITJF12612","78445LJSMP","no_profesional","2"),
        (1085,"Desirae","Francis","1968-04-01","+541147765334","WJIVF46696","11463RJLOL","no_profesional","3"),
        (1086,"Fiona","Richard","1965-12-20","+541103679767","HCDDW59521","45477ERCXM","no_profesional","3"),
        (1087,"Isadora","Ramos","1994-02-09","+542233583728","DYJUC75871","23333EOUCX","no_profesional","3"),
        (1088,"Josephine","King","1973-12-18","+541147432468","CUQEP77732","71637YHRYO","no_profesional","2"),
        (1089,"Lucas","Butler","1964-05-03","+542238704633","LMNUT64544","64367FFLMH","no_profesional","1"),
        (1090,"Jocelyn","Stuart","1998-04-11","+541130158891","XUYSP84641","41457PIQAE","no_profesional","1"),
        (1091,"Kimberley","Forbes","1999-12-22","+542237635063","KFEVT70138","42293BYHMJ","no_profesional","1"),
        (1092,"Jesse","Harmon","1964-06-13","+541188776987","MJUOT66283","37628NHMAU","no_profesional","1"),
        (1093,"Anastasia","Summers","1999-02-28","+541168400746","QJWHD55613","08559IYPXS","no_profesional","2"),
        (1094,"Harlan","Bernard","2001-09-21","+542239719147","CIHMG80370","51516CMPMX","no_profesional","2"),
        (1095,"Rooney","Matthews","1983-09-14","+542234391004","LXHPV15275","14154PKWVK","no_profesional","3"),
        (1096,"Sierra","Neal","1986-05-16","+542234472321","WHBPL69221","15741DIWJX","no_profesional","1"),
        (1097,"Gavin","Kent","1998-03-23","+541178537915","QJGAZ73963","63851ABMPE","no_profesional","1"),
        (1098,"Preston","Wall","1976-04-22","+542232251519","NGQZD43275","96083OTQJN","no_profesional","2"),
        (1099,"Raja","Townsend","1990-10-06","+541137026022","XYVCK20342","52838YKUWR","no_profesional","1"),
        (1100,"May","Scott","1969-04-01","+542233348196","CZKEK87552","34394XISNY","no_profesional","1"),
        (1101,"Jeanette","Nunez","1985-02-11","+541187279247","HKGCJ01312","25312ZXUVR","no_profesional","2"),
        (1102,"Shelley","Landry","1983-07-15","+541112380185","DAVWT36796","32321CSZXO","no_profesional","2"),
        (1103,"Kitra","Hurley","1963-04-01","+541121168234","ZRTRU64341","14857FBMOT","no_profesional","2"),
        (1104,"Isabella","Berger","1988-03-27","+542236672148","SPURM27236","13159KUDNS","no_profesional","1"),
        (1105,"Quail","Mitchell","1992-07-06","+541165882364","GVJCO54142","52044ITQFU","no_profesional","3"),
        (1106,"Zachary","Emerson","1980-12-30","+541192371317","PECXL11454","39003RIPTC","no_profesional","3"),
        (1107,"Xavier","Fisher","1997-11-28","+541112663616","MXOJH74206","65243VWJLF","no_profesional","2"),
        (1108,"Lila","Kirkland","1967-08-18","+541155725347","DJNHX42310","65123UCDWE","no_profesional","3"),
        (1109,"Keaton","Mendoza","1997-09-05","+541170658985","IDLCJ25853","59627IUTGK","no_profesional","3"),
        (1110,"Seth","Coffey","1983-04-05","+541157646112","MLSYW83182","76658JXVSJ","no_profesional","1"),
        (1111,"Nash","Beck","1978-04-21","+542234866988","UYMCU55117","14522TSESR","no_profesional","3"),
        (1112,"Brenden","Kim","1979-10-19","+542239332991","LLZHK75912","48266WITTN","no_profesional","2"),
        (1113,"Kibo","Sexton","1963-06-18","+542233779592","OTWMM64164","60714OHQLE","no_profesional","2"),
        (1114,"Abbot","Fowler","2000-05-16","+542231381328","ISYNB18825","27841YTPKE","no_profesional","1"),
        (1115,"Jarrod","Barrera","1980-06-13","+542236656352","IZITK22505","69352XLFFQ","no_profesional","3"),
        (1116,"Ciara","Mercer","1983-10-28","+541130428538","DKTHD55972","92265TMBTN","no_profesional","2"),
        (1117,"Caldwell","Ferrell","1995-06-28","+542235133450","ABSPZ44706","68176TQYQA","no_profesional","2"),
        (1118,"Haley","Good","1962-07-28","+541142218371","UOSLB66513","83632PTHRW","no_profesional","3"),
        (1119,"Zahir","Arnold","1983-02-28","+542237861923","VPFTS17492","96303BLLEP","no_profesional","3"),
        (1120,"Astra","Keith","1981-10-26","+541164468537","FEZSI37161","49827RMFDB","no_profesional","1"),
        (1121,"Dexter","Ross","1987-11-24","+541181349823","CCKSC32707","96620TMOXZ","no_profesional","2"),
        (1122,"Ronan","Watkins","1975-04-14","+542231265948","BSORX12186","72414YFVWV","no_profesional","3"),
        (1123,"Meredith","Lowery","1980-02-03","+542237791968","EJGIU79142","69551ZUNXP","no_profesional","2"),
        (1124,"Shelley","Callahan","1993-06-03","+541169233643","SXCCQ29145","18498IFNDN","no_profesional","3"),
        (1125,"Meghan","Mathews","1982-07-25","+542232092318","LRAPY57184","57487JCSMX","no_profesional","3"),
        (1126,"Hope","Perry","1973-02-10","+542236732276","EKJOV45673","66162QVMIH","no_profesional","1"),
        (1127,"Gillian","Mendez","1969-07-28","+541117531352","ZMMIM38171","35426DPDMT","no_profesional","2"),
        (1128,"Anthony","Pearson","1977-02-03","+542239237738","TCRWY16589","14859NFLWQ","no_profesional","3"),
        (1129,"Destiny","Moon","1967-06-26","+542232868627","XCJFT51148","18251CXDCM","no_profesional","1"),
        (1130,"Ivan","Barnes","1998-12-04","+542234478362","UGQFX38019","82479IBTKA","no_profesional","3"),
        (1131,"Dane","Holt","1974-05-03","+542232858733","HUWHB01231","45762LEDPF","no_profesional","2"),
        (1132,"Hannah","Gomez","1961-08-08","+541143876845","HCQDW27821","47215UCEIP","no_profesional","3"),
        (1133,"Hoyt","Tran","1975-07-12","+542233213135","CYCGG99684","95321MPONH","no_profesional","1"),
        (1134,"Hedwig","Small","1973-01-31","+541127746748","BXXJE97218","66193CWFIW","no_profesional","2"),
        (1135,"Quinlan","Christian","1994-05-14","+542233327521","TVFXI84048","05364TSEYD","no_profesional","2"),
        (1136,"Cooper","Mejia","1978-12-11","+541150387726","LDNIC47412","06812NMSGY","no_profesional","1"),
        (1137,"Jackson","Zimmerman","1965-07-04","+542235281568","JGKTE75638","20345AZHYV","no_profesional","2"),
        (1138,"Silas","Schneider","1999-12-01","+542233228429","XXFVA49919","79893QBJRM","no_profesional","2"),
        (1139,"Robert","Hayden","1972-02-15","+542236734469","JXGKH28551","47345XZHME","no_profesional","1"),
        (1140,"Rooney","Barnes","1970-08-17","+542232997644","XCZJJ30653","10110PCGBN","no_profesional","3"),
        (1141,"Orson","Ramos","1995-06-12","+541152498855","LGYPO04312","44183YPYNK","no_profesional","2"),
        (1142,"Leo","Turner","1978-04-29","+542237430618","GNHWT78361","71353BMTTH","no_profesional","2"),
        (1143,"Phyllis","Shields","1985-12-11","+542235767489","DVWAM17122","85225PJRRC","no_profesional","2"),
        (1144,"Ashely","Allen","1988-08-23","+542235856986","AJWYA62965","18717KHNGA","no_profesional","2"),
        (1145,"Riley","Bean","1998-10-06","+541145265333","BTVPQ14132","24086BJXYR","no_profesional","3"),
        (1146,"Brenden","Mayo","1966-03-31","+542232611627","YTMBT14875","55967HYKPO","no_profesional","2"),
        (1147,"Avram","Ray","1985-04-30","+541139386791","FQVOV67230","54845FRZGX","no_profesional","3"),
        (1148,"Nehru","Atkinson","1964-03-22","+541172665752","OVBIM57722","47161FYBEX","no_profesional","2"),
        (1149,"Joel","Bruce","1961-04-03","+542235748739","EUCBD35519","76888RWXZQ","no_profesional","2"),
        (1150,"Noelle","Trevino","1972-01-13","+541124652104","WQARF64765","53592MELSS","no_profesional","1"),
        (1151,"Keane","Hull","1973-09-29","+541156826373","LDNCX81455","01115NDVPX","no_profesional","3"),
        (1152,"Ayanna","Price","1983-05-22","+542233153774","HOPTX17101","82406HWERY","no_profesional","2"),
        (1153,"Charity","Calhoun","1975-05-15","+542233365423","EWVHM52828","34876MTRMT","no_profesional","2"),
        (1154,"Tallulah","Church","1989-07-28","+541128256924","BKLIY48444","27873RDBCM","no_profesional","1"),
        (1155,"Blaze","Barton","1991-05-04","+542233471412","SMFDF65760","79577EEQUV","no_profesional","2"),
        (1156,"Urielle","Foreman","1974-04-28","+541103114488","GUJVB63113","06164UFUNG","no_profesional","3"),
        (1157,"Jenna","Short","1960-06-05","+541144773879","TYQXP84870","51272VFTJK","no_profesional","2"),
        (1158,"Kirsten","Warren","1965-02-22","+541123541815","DBQBL03828","92108FGSOM","no_profesional","1"),
        (1159,"Priscilla","Clements","1992-04-04","+542234476177","XPLFR30505","50557AGHCI","no_profesional","2"),
        (1160,"Fitzgerald","Peck","1992-09-26","+542233725827","FTHOZ88361","96523CSOHU","no_profesional","2"),
        (1161,"Shelly","Baird","1991-05-02","+542232785355","HWYLG24654","28085GHDLY","no_profesional","3"),
        (1162,"Hop","Orr","1962-01-26","+541189952403","BRQVK85866","66950HSETF","no_profesional","1"),
        (1163,"Ignatius","Rosario","1973-08-25","+542231677828","SKPPF22277","95465PMQLQ","no_profesional","3"),
        (1164,"Riley","Cross","1975-04-26","+542233478887","JAHFW13665","83215CYKSX","no_profesional","1"),
        (1165,"Pamela","Morales","1961-11-10","+542234412144","XREGK97684","31589LGWWG","no_profesional","2"),
        (1166,"Griffin","Solis","1974-05-28","+542232341282","YTPUL04817","42100XMYTK","no_profesional","2"),
        (1167,"Jade","Buck","1990-04-14","+542233365152","YDZYX45261","71437MQOPM","no_profesional","1"),
        (1168,"Darrel","Mckay","1997-12-19","+542235219380","KXIYP57515","32396FCRTK","no_profesional","2"),
        (1169,"Nerea","Burch","1968-01-12","+542238636527","XVQIN46244","42928KPGDP","no_profesional","3"),
        (1170,"Diana","Blackburn","1973-10-19","+541125954375","DXYGT28893","61087TLYLG","no_profesional","1"),
        (1171,"Jamalia","Ryan","1963-01-02","+541199687932","SPQOD15425","19670PRFVT","no_profesional","1"),
        (1172,"Amanda","Key","1969-09-24","+541141881672","NLJLG16389","54831LOMHH","no_profesional","1"),
        (1173,"Steven","Peck","1979-07-06","+541152234837","JOQYK81558","61428PYTDG","no_profesional","3"),
        (1174,"Camille","Chavez","1969-10-21","+542237636613","DKIIQ14375","24072UUJIE","no_profesional","1"),
        (1175,"Brett","Sawyer","1992-08-10","+541125805704","XBSVH92734","55054CFQTJ","no_profesional","1"),
        (1176,"Felix","Byrd","1979-01-13","+542237573144","HHNBV41983","24412UYRCF","no_profesional","2"),
        (1177,"Ocean","Valentine","1964-12-21","+542238712755","INOHD54337","16847HOXYD","no_profesional","1"),
        (1178,"Nicholas","Reynolds","1964-11-13","+542231452937","UBOEU65793","80324HSLPT","no_profesional","1"),
        (1179,"Theodore","Dillard","2002-02-20","+542239393351","OVJRJ49387","16256DZYQL","no_profesional","2"),
        (1180,"Rinah","Vance","1998-03-20","+542238501651","KQMSB78742","57855MHHQS","no_profesional","1"),
        (1181,"Yuri","Watts","1980-06-19","+542231267077","RIKIO23213","91625NXYKT","no_profesional","1"),
        (1182,"Renee","Page","1982-05-03","+542232886198","QCGWM64787","73231PCRNS","no_profesional","2"),
        (1183,"Kaitlin","Harris","1970-10-30","+542234803717","NJVXI33463","70836VGGTW","no_profesional","2"),
        (1184,"Brock","Branch","1978-04-20","+541157309642","CUIDL75441","76826HHQJY","no_profesional","2"),
        (1185,"Burke","Ramirez","1976-01-03","+541176950516","TXUEE87138","39523VRHUH","no_profesional","2"),
        (1186,"Dai","Maynard","1995-09-18","+541123072960","QVHRD48422","49727DXVJQ","no_profesional","1"),
        (1187,"Willow","Blevins","1961-12-11","+541154882011","BFUSM53848","17428YYFXN","no_profesional","1"),
        (1188,"Declan","Summers","1968-08-12","+542239488628","MPRVR83191","37418CJTCB","no_profesional","2"),
        (1189,"Oliver","Kirkland","1961-04-19","+542235067667","ZRPXE57871","07542QXDNP","no_profesional","2"),
        (1190,"Elizabeth","Byers","1999-03-17","+542234442679","IRJNH17459","18781GNKYX","no_profesional","1"),
        (1191,"Thane","Schroeder","1971-01-22","+541107395510","YCQUY17548","76343TGMQW","no_profesional","2"),
        (1192,"Shoshana","Curtis","1987-04-04","+542233772857","VQWQZ17581","25482UVVVG","no_profesional","2"),
        (1193,"Xavier","Walters","2001-11-08","+541116622187","WCFMJ76768","25271RUIDT","no_profesional","3"),
        (1194,"Macey","Cline","1987-11-24","+541142331216","OKIZH34441","18128YEEBY","no_profesional","1"),
        (1195,"Kibo","Estes","1972-01-06","+542237784856","TSDNJ24415","40044VFOLK","no_profesional","1"),
        (1196,"Daquan","Campos","2000-04-21","+542232560723","KPTME73532","56916POLME","no_profesional","3"),
        (1197,"Brynne","Chaney","1999-12-08","+541112304825","FHVWO22552","71213BWVKS","no_profesional","2"),
        (1198,"Tobias","Crosby","1973-02-22","+542234587108","QCXHR48776","26143JJPOX","no_profesional","1"),
        (1199,"Athena","Tran","1989-10-04","+541112216521","PJDRJ56264","64247XEVWP","no_profesional","1"),
        (1200,"Philip","Ewing","1967-05-10","+541152765221","FIIUK43125","16485LNAKM","no_profesional","1"),
        (1201,"Dalton","Kidd","1992-03-04","+541129724533","KWBOB74728","17184VROMK","no_profesional","1"),
        (1202,"Leslie","Hopper","1996-06-14","+542231963845","FELXX52346","87220DQSSF","no_profesional","1"),
        (1203,"Alma","Mays","1988-02-26","+542235575131","FPXKI83230","61247TUGBA","no_profesional","3"),
        (1204,"Quyn","Guerrero","1967-07-25","+542236716368","QTHAD23476","32447JKYMH","no_profesional","1"),
        (1205,"Cassandra","Hoffman","1977-11-13","+541182616729","TXAER66985","38486YFUFT","no_profesional","1"),
        (1206,"Zeus","Cooper","1986-03-24","+542237687339","RXMYF93139","25733XMWND","no_profesional","3"),
        (1207,"Selma","Pennington","1963-12-07","+542235012417","POEPC55864","21361KBHIP","no_profesional","2"),
        (1208,"Jeremy","Hendricks","1974-10-17","+542235362574","XSZCQ80558","12221KOAXJ","no_profesional","2"),
        (1209,"Erasmus","Bolton","1985-05-04","+541144224054","HJCOJ12039","42450KAIYP","no_profesional","3"),
        (1210,"Otto","Burch","1998-05-15","+541144075534","NAXZX67346","30479NEOWV","no_profesional","3"),
        (1211,"Josephine","Avila","1997-05-13","+541171552697","UXTXT88815","64177IDKYB","no_profesional","2"),
        (1212,"Alisa","Mcmahon","1990-12-25","+542233794741","QXSCC36168","57642NLNLE","no_profesional","1"),
        (1213,"Paul","Phelps","1972-02-11","+541152822559","JYPSU46777","66612XFYUH","no_profesional","1"),
        (1214,"Neville","Ellis","1973-12-03","+541168249323","NULPP04783","73568SNDGW","no_profesional","3");

    INSERT INTO `Empleado` (`Legajo`,`Nombre`,`Apellido`,`F_nac`,`Nro_tel`,`Huella`,`Pwd`,`Tipo_empl`,`Id_seg`,`tipo_prof`,`Id_esp`) VALUES
        (1215,"Jordan","Stokes","1962-06-27","+541185017793","MTMYY48772","19418NAOGR","profesional","2","planta_permanente",4),
        (1216,"Naida","Vance","1960-12-03","+541118587165","UDVNP45230","13517GVVMY","profesional","2","contratado",6),
        (1217,"Yvette","Cantrell","1964-06-01","+542231761515","RUSHU17527","56134PGIKM","profesional","2","contratado",19),
        (1218,"Driscoll","Beasley","1962-01-22","+541131463605","WNPSJ72412","42771SFLYJ","profesional","2","contratado",22),
        (1219,"Basia","Wagner","1986-07-16","+541107628921","USRSC04072","37171XXACI","profesional","3","contratado",3),
        (1220,"Slade","Duran","1977-10-05","+541140654447","ILUCR66832","63056WGIWE","profesional","1","contratado",23),
        (1221,"Clinton","Mcleod","1961-06-21","+542234677863","NFRFV85522","27642SQHFA","profesional","2","contratado",12),
        (1222,"Cynthia","Hoover","1987-09-03","+541187903627","ONSIY86097","37558QELWG","profesional","2","contratado",19),
        (1223,"Garth","William","1972-08-12","+542236215234","TTFWG89205","46021JPRMI","profesional","3","contratado",4),
        (1224,"Zoe","Moses","1994-01-11","+542233283548","DMNQN53037","76185JHOLJ","profesional","3","planta_permanente",21),
        (1225,"Belle","Hansen","1971-04-18","+542238871925","ONXMB52512","56361FZLCH","profesional","3","planta_permanente",12),
        (1226,"Heather","West","2001-01-13","+541132233694","WBHZJ87478","25634BJXCU","profesional","2","planta_permanente",18),
        (1227,"Nadine","Guerra","1982-10-17","+541166428337","HBCPF23834","97707CYBLD","profesional","1","planta_permanente",6),
        (1228,"Brody","Michael","1977-08-08","+542239671979","AOHTG20647","38713RRZQI","profesional","1","planta_permanente",24),
        (1229,"Fuller","Mack","2002-06-13","+542236051416","MRVAH81420","63678IGTSV","profesional","3","planta_permanente",2),
        (1230,"Clayton","Morgan","1991-02-26","+541125487423","MUDUL67221","83487DELZM","profesional","1","contratado",15),
        (1231,"Sebastian","Giles","1983-05-11","+541107241535","NKHQM45860","26808OFUNC","profesional","2","contratado",18),
        (1232,"Ezekiel","Stevens","1968-05-07","+542237733151","WIXBJ52547","24253FPPEZ","profesional","1","planta_permanente",7),
        (1233,"Armando","Melendez","1968-08-13","+541163039606","PRZWF45452","57262HYOCO","profesional","3","contratado",27),
        (1234,"TaShya","Huffman","1973-10-09","+542236761182","KCPAU24582","43481GDRMD","profesional","1","planta_permanente",20),
        (1235,"Maite","Buckner","1983-10-29","+541186383767","HMCXK26743","45688AKPTC","profesional","2","contratado",8),
        (1236,"Meredith","Rosa","1974-03-26","+541151945145","FHCXJ15575","78107JHWRS","profesional","3","planta_permanente",19),
        (1237,"Ian","Cortez","1965-12-25","+541122125498","PKLLU53629","37474LGYII","profesional","2","planta_permanente",8),
        (1238,"Maryam","Lynch","1987-09-30","+542237418959","WIWHV06393","15336BPLPV","profesional","3","contratado",11),
        (1239,"Troy","Melton","1987-12-21","+542233886266","RNFIB72119","44763JXQJL","profesional","1","contratado",19),
        (1240,"Herrod","Norris","1982-08-26","+541186641698","IHNME71558","42685KICDE","profesional","2","planta_permanente",27),
        (1241,"Marshall","Dunn","1995-04-10","+542237455607","HTERU08233","52040WQFXV","profesional","1","contratado",28),
        (1242,"Joan","Jones","1980-08-08","+541171825665","CDRRD78155","92243UVQPD","profesional","1","planta_permanente",16),
        (1243,"Vivian","Montoya","1977-11-01","+541113898843","JHGEW37508","34965DFPEM","profesional","1","contratado",4),
        (1244,"Brenna","Stewart","1986-04-24","+542238317367","GWPCZ39678","88232MPFKK","profesional","2","contratado",23),
        (1245,"Sandra","Marquez","1971-03-09","+541127577861","ZPXPU85297","66447BAGZI","profesional","2","planta_permanente",16),
        (1246,"Ivana","Wood","1976-04-30","+542230515148","TDPYD58048","48883PUBZM","profesional","3","planta_permanente",10),
        (1247,"Jerome","Coleman","1963-12-20","+542238881117","BQBYK62585","31117QCLMO","profesional","2","contratado",18),
        (1248,"Bethany","Tate","1996-08-23","+542238792309","VIYOK86383","19222VKPBN","profesional","3","contratado",8),
        (1249,"Uriel","Sparks","1971-11-02","+541163454285","RWTPN48560","22867IPVCP","profesional","3","planta_permanente",12),
        (1250,"Ali","Bridges","1989-12-05","+542234657113","JNQMW40914","84123OBMAO","profesional","1","planta_permanente",13),
        (1251,"Maxwell","Chaney","1966-06-03","+541134732152","UENEH38310","96186NHFOV","profesional","2","planta_permanente",1),
        (1252,"Jenna","Hensley","1969-02-03","+542231510897","IOSQI56245","42119GYHKL","profesional","3","contratado",6),
        (1253,"Shad","Page","1974-04-05","+542235483555","WWHXL02707","41452BTHGS","profesional","1","contratado",12),
        (1254,"Rana","Wilkinson","1992-09-29","+542238971214","SSJCE98279","09669MQFXE","profesional","3","contratado",10),
        (1255,"Halla","Valenzuela","1964-03-12","+542234387745","OLHIH14585","16113OJIUD","profesional","1","contratado",4),
        (1256,"Noble","Mccoy","1989-04-04","+542232815054","MWRGE67769","28421RISBF","profesional","3","contratado",13),
        (1257,"Savannah","Carey","1985-11-16","+541165406873","CBWJX87154","09273PIMUB","profesional","1","planta_permanente",10),
        (1258,"Jaime","Sweet","2000-09-18","+541134770913","YPQTT07083","15258JTLKF","profesional","1","contratado",18),
        (1259,"Caesar","Owen","1993-08-25","+542231516972","FEPFW78761","26433CNWYC","profesional","3","contratado",4),
        (1260,"Jamalia","Dickerson","1990-06-12","+542239077630","RYPYL60635","77291GBUNG","profesional","1","contratado",19),
        (1261,"Yvonne","Combs","1986-02-09","+542230561793","PHPHW44731","21483ODAZK","profesional","3","contratado",20),
        (1262,"Lance","Dean","1992-11-15","+542234151690","ZCLCT12337","79508EDDMJ","profesional","3","planta_permanente",14),
        (1263,"Valentine","Gilmore","2001-05-09","+542231345864","OYQAH18011","63215JNXHU","profesional","1","planta_permanente",15),
        (1264,"Freya","Tillman","1979-08-31","+542235850691","ZQGBR78345","52066RLZNM","profesional","2","contratado",25),
        (1265,"Dorian","Hogan","1961-01-30","+542232259774","ODIGO59114","54678GNCVX","profesional","2","planta_permanente",26),
        (1266,"Thaddeus","Baker","1971-11-19","+542232824568","MBYFM83376","62505MFHGK","profesional","1","planta_permanente",12),
        (1267,"Bruno","Rose","1990-03-20","+541137145898","XWWZT30736","82153OIYUY","profesional","2","planta_permanente",19),
        (1268,"Avram","Gould","1969-10-21","+542234246080","EKEQI24181","82629TYUYJ","profesional","2","planta_permanente",27),
        (1269,"Yoshio","Giles","1997-09-06","+541124531174","MUGVY20237","12064QTBJS","profesional","2","contratado",6),
        (1270,"Owen","Raymond","1966-03-08","+541153214920","OXKKB24742","95469HOHYW","profesional","3","planta_permanente",16),
        (1271,"Igor","Daniel","1995-06-27","+542238140463","OTDDL65988","27675JTKLR","profesional","3","planta_permanente",21),
        (1272,"Sean","Valenzuela","1971-05-09","+541114362141","POOVU67048","02556YSIPU","profesional","3","contratado",16),
        (1273,"Adele","Gilmore","1985-04-01","+541185231721","EWGWY18497","54667UDBBC","profesional","2","planta_permanente",14),
        (1274,"Wayne","Burks","1982-01-11","+542234236932","YEUNN44255","48930KIRKI","profesional","2","contratado",24),
        (1275,"Kirby","Church","1987-01-11","+542238526111","ICSES27492","39663HFNUY","profesional","1","contratado",23),
        (1276,"Sonia","Ratliff","1970-04-09","+542236257548","VMCWH14773","56721OSUKR","profesional","1","contratado",25),
        (1277,"Ciara","Pitts","1986-02-15","+541150611153","XPXPR46714","17896LUMME","profesional","2","planta_permanente",2),
        (1278,"Martin","Snow","1961-10-09","+542239272297","VPIUK23815","97386SMINU","profesional","3","planta_permanente",11),
        (1279,"Blythe","Harding","1990-03-07","+541116475436","NKAUX75182","83973WHSFW","profesional","3","planta_permanente",6),
        (1280,"Jacqueline","Pacheco","1994-06-06","+542236422201","TLIMI35014","03052EFCWU","profesional","3","planta_permanente",28),
        (1281,"Ria","Barnett","1999-06-19","+541162894658","JMOXE36327","62468PWIJV","profesional","2","contratado",7),
        (1282,"Xaviera","Reid","1972-05-18","+541105698244","XDLFO31268","44047AGTZN","profesional","3","contratado",17),
        (1283,"Josiah","Murphy","1976-04-15","+542232506762","UCLSD75331","35446SVCFT","profesional","1","contratado",11),
        (1284,"Allistair","Mills","1972-04-10","+541144922332","WQXAH35603","02326WRSFB","profesional","1","contratado",5),
        (1285,"Hayes","Clements","1999-05-14","+541124111264","ROEMW85605","25801RBJTU","profesional","1","contratado",19),
        (1286,"Wallace","Landry","1960-09-25","+542232346486","MPRVL10686","05720IGDGX","profesional","3","contratado",21),
        (1287,"Ashely","Murphy","1999-05-14","+541170142840","DTPLR91587","38401KBMUG","profesional","2","contratado",26),
        (1288,"Kirestin","Alvarez","1978-03-09","+541151826375","VJLQS58837","13118DXEZM","profesional","1","contratado",21),
        (1289,"Juliet","Snider","1988-10-31","+542234992310","XWNDI62299","63412JAJVG","profesional","1","contratado",7),
        (1290,"Preston","Chang","1975-06-03","+541171567122","RUEXW45868","26137KNCOM","profesional","1","contratado",23),
        (1291,"Bert","Holcomb","1989-07-25","+541197023438","LFDQE09819","73793FBAEA","profesional","3","planta_permanente",1),
        (1292,"Orlando","Rich","1987-10-01","+542230666742","FQKHS29375","56808IYCPO","profesional","1","planta_permanente",19),
        (1293,"Inez","Clements","1976-01-03","+541142781214","RTWFU21885","28788MOOBF","profesional","3","contratado",12),
        (1294,"Linus","Maxwell","1983-03-26","+541172195825","XELLB71437","55546LEMNQ","profesional","1","contratado",27),
        (1295,"Rowan","Wilkinson","1992-03-22","+542235233587","GEVHL51956","93751PQIFF","profesional","1","contratado",27),
        (1296,"Haley","Hartman","1980-05-05","+542232635403","WNIRU78373","38662JUVOD","profesional","1","contratado",6),
        (1297,"Brielle","Aguirre","1990-04-23","+542239825417","GWGNR57272","02022DQGOI","profesional","3","planta_permanente",3),
        (1298,"Kenyon","Rogers","1999-03-27","+542234659664","GQFBS21621","86625MTFIG","profesional","3","contratado",11),
        (1299,"Mannix","Clements","1988-08-26","+541141646865","VMIOQ85061","22773KKFDX","profesional","1","contratado",6),
        (1300,"Cain","Patton","1995-02-17","+541122496110","QKWLO21746","27759EAKWU","profesional","2","contratado",18),
        (1301,"Shannon","Hodges","1995-06-03","+541197789313","HUQEY44151","53123NNOIU","profesional","2","planta_permanente",26),
        (1302,"Sarah","Everett","1973-04-21","+541114252847","JKUDL84437","27657VFWLS","profesional","2","planta_permanente",25),
        (1303,"Nero","Bernard","1986-03-28","+541162054368","CLNXD83383","68687ONFGS","profesional","2","contratado",20),
        (1304,"Zenia","Landry","1997-02-19","+541136377965","OUSOG05876","36656HJABF","profesional","1","planta_permanente",10),
        (1305,"Jelani","Mckee","1980-06-22","+541155314762","JHGWR36227","88171BXMWF","profesional","2","planta_permanente",9),
        (1306,"Kenyon","Holden","1960-07-13","+542235238165","MMMKA27885","57761GGKNP","profesional","1","contratado",23),
        (1307,"Abdul","Hamilton","2000-08-24","+541190774707","JOJZS94254","51827IJNUB","profesional","3","contratado",12),
        (1308,"Nell","Lambert","1999-09-14","+541169181327","GHPCK82363","46039RECKM","profesional","2","contratado",20),
        (1309,"Audra","Holden","1977-11-24","+542231234265","GSWUY46646","36131TUWFI","profesional","3","planta_permanente",9),
        (1310,"Jonah","Morgan","1981-03-17","+542235502957","BVTIH87224","61469JGBPM","profesional","3","contratado",2),
        (1311,"Jelani","Hall","1969-02-23","+542236324261","IUCDO01844","25331RVSYG","profesional","2","planta_permanente",20),
        (1312,"Chanda","Gates","1994-03-10","+542233421837","HTOUV84732","20299FAMTE","profesional","2","planta_permanente",15),
        (1313,"Kelsie","Lawson","1988-01-19","+542234923544","JEWPJ45427","45817NEVCD","profesional","1","contratado",22),
        (1314,"Curran","Shields","2002-10-09","+541158671473","OVQRQ18597","08438PIKJT","profesional","3","planta_permanente",8),
        (1315,"Joan","Glenn","1995-07-23","+541194869247","LOTPH96436","72307GCQPM","profesional","1","planta_permanente",11),
        (1316,"Celeste","Foster","1969-07-18","+542236251365","TOFBH68348","37652QFZLH","profesional","1","contratado",6),
        (1317,"Colt","Sherman","1971-08-25","+542236724334","YLXIB74365","84151VPHRZ","profesional","1","contratado",17),
        (1318,"Robin","Mckee","1960-11-02","+541136108466","TSMFU27188","70643DOCPD","profesional","2","contratado",9),
        (1319,"Upton","Johns","1984-03-21","+542234442450","WOPCG48480","27282PZUYL","profesional","2","planta_permanente",18),
        (1320,"Amber","Wilson","1989-09-04","+542236756060","QWBCB55591","07755ZXXYX","profesional","2","planta_permanente",17),
        (1321,"Leigh","Tyson","1964-09-09","+541170941182","KRRYQ58438","66428FNCTT","profesional","1","planta_permanente",26),
        (1322,"Quamar","Johns","1976-03-28","+542234434566","LJYMM62041","02482BMUGK","profesional","2","contratado",20),
        (1323,"Thaddeus","Cole","1968-12-30","+542236914057","WLEKU64160","12436XKCWU","profesional","2","contratado",6),
        (1324,"Kieran","Barnes","1974-07-13","+541197355036","KXRLI27618","93731GZIOT","profesional","2","contratado",8),
        (1325,"William","Lynn","1989-04-29","+541188662864","HCBTZ86163","32435CUIVS","profesional","1","contratado",7),
        (1326,"Drake","Wheeler","1990-03-17","+542238199310","KADBL12807","18140XGKYU","profesional","2","planta_permanente",2),
        (1327,"Clio","Finley","1969-05-22","+542234858667","AMYKV58196","57358ZHJCH","profesional","2","planta_permanente",8),
        (1328,"Quemby","Nicholson","1967-08-21","+542233684971","PCUEF29422","38383YPPAN","profesional","1","contratado",16),
        (1329,"Larissa","Noel","1995-10-27","+541184722152","QZIYN36732","88395MMNJI","profesional","1","contratado",18),
        (1330,"Sydney","Roman","1987-09-15","+541153620278","GFMBW19572","28771KHOJH","profesional","3","contratado",11),
        (1331,"Ian","Guthrie","1982-08-02","+541116348517","VYFLS95654","22111XGMKT","profesional","2","contratado",15),
        (1332,"Colby","Kline","1983-05-11","+542237611348","LQRAV68450","96412RSBDE","profesional","1","planta_permanente",19),
        (1333,"Marvin","Salas","1973-03-23","+542234878117","HKRFH35636","84731YSBTA","profesional","3","planta_permanente",23),
        (1334,"Juliet","Kelly","1975-02-23","+541150230280","QOWMU63577","45902JGFEY","profesional","3","contratado",18),
        (1335,"Octavia","Rodgers","1977-09-07","+542232542862","XSFRC73342","01924TGJXN","profesional","2","planta_permanente",21),
        (1336,"Francis","Kidd","1980-12-30","+542234453936","EAOCP54530","21841IMXLC","profesional","3","contratado",27),
        (1337,"Hilel","Holloway","1974-03-05","+541123366666","HRSIN72425","18611YBSSL","profesional","3","contratado",11),
        (1338,"Joshua","Castaneda","1962-02-20","+541155267538","XRBJT14011","46761YWSTG","profesional","2","planta_permanente",8),
        (1339,"Audra","Langley","2002-12-17","+542235985803","FMKCS56735","48173TXTBA","profesional","2","contratado",21),
        (1340,"Blossom","Goodwin","1961-11-27","+541181878563","LHBUV75606","56473GRDYF","profesional","3","planta_permanente",24),
        (1341,"Wing","Mcgowan","1988-03-24","+541182954394","CDHOQ51279","64535RIPMY","profesional","2","planta_permanente",8),
        (1342,"Moses","Chapman","1974-01-26","+542234056271","LZWYJ47153","42388OHPAE","profesional","3","planta_permanente",15),
        (1343,"Brett","Crosby","1993-07-02","+541127447584","KXINI26476","41748IJXDH","profesional","3","contratado",28),
        (1344,"Eagan","Whitehead","1986-11-28","+541159074155","UYLTC89629","01895CKRZD","profesional","3","contratado",21),
        (1345,"Fallon","Byrd","1976-03-07","+542232438402","OWLSJ32080","82559HLMNL","profesional","3","planta_permanente",3),
        (1346,"Harper","Herrera","1960-10-11","+542237537751","XTOZW76906","63646QQPXN","profesional","3","contratado",25),
        (1347,"Dana","James","1989-06-27","+541128212272","RMKTM01792","03313OTJII","profesional","2","planta_permanente",24),
        (1348,"Ann","Farmer","1991-04-25","+541152659142","OBSWX40475","32167KAWMR","profesional","2","contratado",16),
        (1349,"Mechelle","William","1975-01-17","+541145138265","EGGZO82817","59537URXUX","profesional","2","planta_permanente",8),
        (1350,"MacKensie","Gibbs","2000-05-07","+541183462534","RBYYL40591","28274BLDDX","profesional","1","contratado",6),
        (1351,"James","Jordan","1975-02-03","+541151438185","IFHMP01926","27784UTVSR","profesional","1","contratado",11),
        (1352,"Meghan","Webster","1966-11-18","+542234054152","ECBBK25656","66220PYABQ","profesional","3","planta_permanente",8),
        (1353,"Azalia","Kidd","1965-06-04","+541177188686","CBDFD66676","83211LPUKU","profesional","1","contratado",18),
        (1354,"Igor","Cunningham","1991-04-04","+541118002385","KXYKR71484","21364GPIOM","profesional","1","planta_permanente",17),
        (1355,"Driscoll","Hoffman","1999-11-26","+542238469110","JHCCS54708","73865ODKWM","profesional","2","contratado",7),
        (1356,"Burke","Christensen","1976-12-13","+542231218562","XHCUS72405","77311ZXTRF","profesional","1","contratado",10),
        (1357,"Maxine","Zamora","1991-06-26","+542236176388","NAOSQ03314","47855SXONJ","profesional","3","contratado",16),
        (1358,"Heidi","Cunningham","1963-11-14","+542231752047","ZXFAU24166","43887BDIRI","profesional","3","contratado",5),
        (1359,"Octavius","Velez","1978-07-09","+542233633658","IPDEU76662","11945WHYQU","profesional","1","contratado",14),
        (1360,"Berk","Pena","1997-11-23","+541110832760","JIMCX65187","12818UMMZK","profesional","2","contratado",24),
        (1361,"Rhonda","Bender","1993-10-30","+541122823192","DOHRH12731","57228NKENM","profesional","2","contratado",6),
        (1362,"Orson","Nunez","2002-02-14","+541132650335","FYAJN75885","14831RYEIO","profesional","2","contratado",22),
        (1363,"Urielle","Cain","1969-03-15","+541166066676","KSPUM84787","04431WNYYI","profesional","3","contratado",7),
        (1364,"Frances","Salinas","1982-09-14","+542237274828","DOLGY94057","46711ZIRYQ","profesional","3","contratado",5),
        (1365,"Marshall","Frazier","1964-07-19","+542236017704","DYPKP78161","61976NVNBI","profesional","1","planta_permanente",8),
        (1366,"Stacey","Knowles","1997-07-07","+542236896165","RXGLW58497","89578WLPFL","profesional","3","contratado",17),
        (1367,"Leonard","Payne","1964-03-22","+541136859404","VFAPB64246","93258VCMOK","profesional","3","contratado",11),
        (1368,"Maisie","Carter","1966-01-06","+542233031441","GECXP14458","10482MJJHC","profesional","2","contratado",15),
        (1369,"Victor","Jenkins","1996-01-29","+542234559175","KIESG13693","39445WCCBI","profesional","3","planta_permanente",6),
        (1370,"Robert","Keith","1991-09-04","+542236268842","WOQEJ37826","76912FBTDV","profesional","3","planta_permanente",18),
        (1371,"Colton","Cantrell","1968-09-23","+542238158154","OOLET83340","74229DZSIG","profesional","2","planta_permanente",6),
        (1372,"Shoshana","Travis","1992-03-26","+542232541088","JSVVU77419","00805GJEXV","profesional","2","planta_permanente",22),
        (1373,"Palmer","Byers","1998-05-06","+542232483258","QHVNF99217","47509OWHXI","profesional","2","contratado",25),
        (1374,"Heather","Frye","1972-12-17","+542235366714","ENCRI12514","72659TTBIB","profesional","2","contratado",9),
        (1375,"Martina","Berg","1961-12-23","+541167733563","GECKC69780","31480BVYWT","profesional","3","planta_permanente",12),
        (1376,"Warren","Copeland","1966-01-17","+542230573389","FVCMH52986","35469JCQSW","profesional","1","planta_permanente",27),
        (1377,"Indira","Gregory","1991-08-11","+541151617782","FVNNR77471","22248FFOBT","profesional","3","planta_permanente",10),
        (1378,"Aimee","Lindsay","1983-02-02","+542234818717","DRAQV77888","44376FMZSN","profesional","1","planta_permanente",18),
        (1379,"Kieran","Nicholson","1972-01-18","+542237781545","DTUJL75388","87878UCMUV","profesional","1","planta_permanente",22),
        (1380,"Callie","Carson","1994-10-23","+541115097523","OUZZI56925","71568DKPLV","profesional","3","contratado",8),
        (1381,"Robert","Sykes","2002-12-11","+541135916613","GKOAS95573","88584JXOSN","profesional","1","contratado",21),
        (1382,"Micah","Sparks","1971-04-07","+541123831424","HHSIK11011","19247ILOLM","profesional","3","contratado",4),
        (1383,"Emery","Oliver","1990-05-24","+542238262353","TUSDT14211","34423NLTSY","profesional","2","contratado",21),
        (1384,"Stephanie","Hopkins","1962-02-15","+542235552511","NLKSL11250","82327SUIBC","profesional","1","planta_permanente",18),
        (1385,"Yen","Greene","1980-01-05","+541165068763","YUCAR85251","32220ABBGD","profesional","2","contratado",9),
        (1386,"Myra","Powell","1991-09-19","+542235668474","ASJRP66893","78138OLLCT","profesional","2","contratado",7),
        (1387,"Noel","Anthony","1982-02-23","+542236423761","LYGAC34148","03124SYRBH","profesional","1","planta_permanente",10),
        (1388,"Regan","Wheeler","2002-02-26","+542232449599","UBHFS53436","49359BFATL","profesional","2","planta_permanente",13),
        (1389,"Anjolie","Wilkerson","1987-06-12","+542231118942","ONCYH77383","50386IEETN","profesional","3","contratado",7),
        (1390,"Isadora","Bird","1991-07-08","+542232335515","FWPDM78386","72846LNBDE","profesional","2","planta_permanente",3),
        (1391,"Samuel","Reilly","1990-01-31","+541187794621","KWMGM51805","04571KCMEN","profesional","1","planta_permanente",8),
        (1392,"Barrett","Mullins","1994-03-06","+541192912241","LFGVT88583","89593HBVVC","profesional","1","planta_permanente",25),
        (1393,"Kylee","Cherry","1987-07-27","+541135237867","NVAMY87318","21464TWNKX","profesional","2","contratado",2),
        (1394,"Yuli","Terrell","1963-09-30","+542237366250","GOTVG13562","85545DOTIZ","profesional","3","contratado",13),
        (1395,"Risa","Holt","1985-05-25","+541102242980","HYJGY27622","14721UCJKZ","profesional","3","contratado",8),
        (1396,"Charissa","Snyder","1963-08-28","+541117300786","YTHGV85683","91613ZJITX","profesional","2","planta_permanente",16),
        (1397,"Benjamin","Chase","1985-08-30","+541194944683","WPCHL43545","24045LRHKP","profesional","2","planta_permanente",10),
        (1398,"Orla","Shields","1965-10-10","+542237987771","JNRHU91747","18638WSKUJ","profesional","3","planta_permanente",23),
        (1399,"Kelsey","Gilbert","1974-08-09","+541145347132","WSYXD97910","54829RODUN","profesional","2","planta_permanente",15),
        (1400,"Leroy","Shepard","1961-06-08","+542238224956","BGPWH35355","13377QOPJW","profesional","3","planta_permanente",26),
        (1401,"Charissa","Goff","1983-06-26","+542232300097","XGVLE52247","95737YODRY","profesional","3","planta_permanente",10),
        (1402,"Petra","Harrington","1973-05-31","+542237768846","XUKZI53835","27233FEUHM","profesional","1","planta_permanente",26),
        (1403,"Kuame","Fuller","1974-02-22","+542238245388","LQBYD47834","84951MSXTM","profesional","1","planta_permanente",21),
        (1404,"Ima","Delgado","2000-11-14","+542232246582","KNLYX22231","13425BOXUD","profesional","1","contratado",10),
        (1405,"Brian","Crosby","2002-09-19","+542234776322","QDVTB86673","42673IKWHI","profesional","1","contratado",27),
        (1406,"Inga","Daugherty","2000-11-06","+541177619312","PXTAC77475","05285BBGEY","profesional","3","planta_permanente",13),
        (1407,"Amena","Acevedo","1961-04-22","+541157838217","NDLOD16346","30256MSVZP","profesional","1","planta_permanente",13),
        (1408,"Rachel","Mckinney","1973-01-04","+542232281002","RJKLN83043","17565PTKSE","profesional","3","planta_permanente",11),
        (1409,"Tatyana","Neal","1993-03-24","+542239638987","TNPJO18728","35130YTZTI","profesional","3","planta_permanente",20),
        (1410,"Latifah","Hudson","1973-08-01","+541134716631","NMYUT76161","61396PYUBG","profesional","1","planta_permanente",16),
        (1411,"Garth","Jensen","1966-07-17","+542235325653","OERYU62702","27365NLBGS","profesional","3","planta_permanente",7),
        (1412,"Jaquelyn","Cherry","1978-05-13","+542231726785","DVXAG54528","71538WDQIX","profesional","2","contratado",20),
        (1413,"Channing","Hodges","1991-09-01","+541131446066","UORCW39845","61276SXMDD","profesional","2","contratado",10),
        (1414,"Beau","Yates","1986-08-18","+541113903087","BMCAS38254","46827SXTPN","profesional","2","contratado",22);

    INSERT INTO Area (Nro_area, Nombre, Id_seg, Legajo_dir, F_ini_dir) VALUES
        (1, "Química Analítica", 3, 1000, '2015-05-06'),
        (2, "Biología Molecular", 2, 1001, '2021-03-05'),
        (3, "Microbiología", 2, 1002, '2019-11-09'),
        (4, "Toxicología", 3, 1003, '2020-11-17'),
        (5, "Farmacología", 2, 1004, '2021-04-23'),
        (6, "Bioquímica", 2, 1005, '2022-12-04'),
        (7, "Genética", 2, 1006, '2019-09-21'),
        (8, "Inmunología", 2, 1007, '2018-03-04'),
        (9, "Fisiología", 1, 1008, '2014-07-07'),
        (10, "Cromatografía", 3, 1009, '2016-12-13'),
        (11, "Hematología", 1, 1010, '2023-04-05'),
        (12, "Virología", 2, 1011, '2017-10-21'),
        (13, "Patología Molecular", 3, 1012, '2019-08-12'),
        (14, "Neurociencia", 3, 1013, '2020-04-17'),
        (15, "Análisis Clínicos", 2, 1014, '2021-09-26');
	
    INSERT INTO Evento(Nro_evento, Descripcion, Fecha, Nro_area) VALUES
		(1, 'Falta de reactivo para análisis de pH', '2022-03-15 09:30:00', 1),
		(2, 'Error en la calibración de espectrofotómetro', '2022-05-02 14:15:00', 1),
		(3, 'Contaminación cruzada de muestras', '2022-06-10 11:45:00', 1),
		(4, 'Rotura de cristalería durante un experimento', '2022-07-20 16:30:00', 1),
		(5, 'Fallo en la preparación de estándares de calibración', '2022-08-05 10:00:00', 1),
		(1, 'Falta de reactivo para amplificación de ADN', '2022-03-15 09:30:00', 2),
		(2, 'Error en la PCR: amplificación no específica', '2022-05-02 14:15:00', 2),
		(3, 'Contaminación de una muestra durante la extracción de ADN', '2022-06-10 11:45:00', 2),
		(4, 'Rotura de una centrífuga durante la preparación de muestras', '2022-07-20 16:30:00', 2),
		(5, 'Fallo en la secuenciación de ADN', '2022-08-05 10:00:00', 2),
		(1, 'Contaminación de placas de cultivo bacteriano', '2022-03-15 09:30:00', 3),
		(2, 'Error en la identificación de una cepa bacteriana', '2022-05-02 14:15:00', 3),
		(3, 'Rotura de una campana de flujo laminar', '2022-06-10 11:45:00', 3),
		(4, 'Fallo en la esterilización del medio de cultivo', '2022-07-20 16:30:00', 3),
		(5, 'Contaminación de una muestra durante el proceso de incubación', '2022-08-05 10:00:00', 3),
		(1, 'Falta de reactivo para análisis de drogas', '2022-03-15 09:30:00', 4),
		(2, 'Error en la interpretación de resultados de un análisis de toxinas', '2022-05-02 14:15:00', 4),
		(3, 'Contaminación de una muestra durante el proceso de extracción', '2022-06-10 11:45:00', 4),
		(4, 'Rotura de un equipo de cromatografía líquida', '2022-07-20 16:30:00', 4),
		(5, 'Fallo en la detección de una sustancia tóxica en una muestra', '2022-08-05 10:00:00', 4),
		(1, 'Falta de reactivo para ensayos de actividad farmacológica', '2022-03-15 09:30:00', 5),
		(2, 'Error en la dosificación de un fármaco en un ensayo', '2022-05-02 14:15:00', 5),
		(3, 'Contaminación de un lote de medicamentos durante la fabricación', '2022-06-10 11:45:00', 5),
		(4, 'Rotura de un equipo de liberación controlada de fármacos', '2022-07-20 16:30:00', 5),
		(5, 'Fallo en la validación de un ensayo de bioequivalencia', '2022-08-05 10:00:00', 5),
		(1, 'Falta de reactivo para análisis de enzimas', '2022-03-15 09:30:00', 6),
		(2, 'Error en la interpretación de un perfil lipídico', '2022-05-02 14:15:00', 6),
		(3, 'Contaminación de una muestra durante la centrifugación', '2022-06-10 11:45:00', 6),
		(4, 'Rotura de un equipo de electroforesis', '2022-07-20 16:30:00', 6),
		(5, 'Fallo en la cuantificación de proteínas en una muestra', '2022-08-05 10:00:00', 6),
		(1, 'Falta de reactivo para análisis de mutaciones genéticas', '2022-03-15 09:30:00', 7),
		(2, 'Error en la interpretación de resultados de un análisis de polimorfismos', '2022-05-02 14:15:00', 7),
		(3, 'Contaminación de una muestra durante la extracción de ADN', '2022-06-10 11:45:00', 7),
		(4, 'Rotura de un termociclador durante la amplificación de genes', '2022-07-20 16:30:00', 7),
		(5, 'Fallo en la secuenciación de un genoma', '2022-08-05 10:00:00', 7),
		(1, 'Falta de reactivo para análisis de marcadores inmunológicos', '2022-03-15 09:30:00', 8),
		(2, 'Error en la interpretación de resultados de un ensayo de ELISA', '2022-05-02 14:15:00', 8),
		(3, 'Contaminación de una muestra durante el proceso de inmunotransferencia', '2022-06-10 11:45:00', 8),
		(4, 'Rotura de un equipo de citometría de flujo', '2022-07-20 16:30:00', 8),
		(5, 'Fallo en la detección de un anticuerpo en una muestra', '2022-08-05 10:00:00', 8),
		(1, 'Falta de reactivo para pruebas de función pulmonar', '2022-03-15 09:30:00', 9),
		(2, 'Error en la interpretación de resultados de un electrocardiograma', '2022-05-02 14:15:00', 9),
		(3, 'Contaminación de una muestra durante la toma de presión arterial', '2022-06-10 11:45:00', 9),
		(4, 'Rotura de un equipo de monitoreo de glucosa en sangre', '2022-07-20 16:30:00', 9),
		(5, 'Fallo en la medición de la capacidad respiratoria de un paciente', '2022-08-05 10:00:00', 9),
		(1, 'Falta de columna cromatográfica para análisis de compuestos orgánicos', '2022-03-15 09:30:00', 10),
		(2, 'Error en la interpretación de un cromatograma', '2022-05-02 14:15:00', 10),
		(3, 'Contaminación de una muestra durante la preparación para cromatografía', '2022-06-10 11:45:00', 10),
		(4, 'Rotura de un equipo de cromatografía de gases', '2022-07-20 16:30:00', 10),
		(5, 'Fallo en la identificación de picos en un cromatograma', '2022-08-05 10:00:00', 10),
		(1, 'Falta de reactivo para análisis de células sanguíneas', '2022-03-15 09:30:00', 11),
		(2, 'Error en la interpretación de resultados de un hemograma', '2022-05-02 14:15:00', 11),
		(3, 'Contaminación de una muestra durante el proceso de tinción', '2022-06-10 11:45:00', 11),
		(4, 'Rotura de un equipo de centrifugación diferencial', '2022-07-20 16:30:00', 11),
		(5, 'Fallo en la cuantificación de células en una muestra de sangre', '2022-08-05 10:00:00', 11),
		(1, 'Falta de reactivo para análisis de virus', '2022-03-15 09:30:00', 12),
		(2, 'Error en la interpretación de resultados de un ensayo de detección viral', '2022-05-02 14:15:00', 12),
		(3, 'Contaminación de una muestra durante el proceso de extracción viral', '2022-06-10 11:45:00', 12),
		(4, 'Rotura de una centrífuga refrigerada durante la preparación de muestras', '2022-07-20 16:30:00', 12),
		(5, 'Fallo en la amplificación de material genético viral', '2022-08-05 10:00:00', 12),
		(1, 'Falta de reactivo para análisis de biomarcadores tumorales', '2022-03-15 09:30:00', 13),
		(2, 'Error en la interpretación de resultados de un estudio de expresión génica', '2022-05-02 14:15:00', 13),
		(3, 'Contaminación de una muestra durante la extracción de ARN', '2022-06-10 11:45:00', 13),
		(4, 'Rotura de un equipo de PCR en tiempo real', '2022-07-20 16:30:00', 13),
		(5, 'Fallo en la detección de mutaciones en un genoma tumoral', '2022-08-05 10:00:00', 13),
		(1, 'Falta de reactivo para análisis de neurotransmisores', '2022-03-15 09:30:00', 14),
		(2, 'Error en la interpretación de resultados de un estudio de electroencefalografía', '2022-05-02 14:15:00', 14),
		(3, 'Contaminación de una muestra durante el procesamiento de tejido cerebral', '2022-06-10 11:45:00', 14),
		(4, 'Rotura de un equipo de microscopía confocal', '2022-07-20 16:30:00', 14),
		(5, 'Fallo en la medición de potenciales de acción neuronales', '2022-08-05 10:00:00', 14),
		(1, 'Falta de reactivo para análisis de marcadores bioquímicos', '2022-03-15 09:30:00', 15),
		(2, 'Error en la interpretación de resultados de un perfil lipídico', '2022-05-02 14:15:00', 15),
		(3, 'Contaminación de una muestra durante el procesamiento automatizado', '2022-06-10 11:45:00', 15),
		(4, 'Rotura de un equipo de espectrofotometría', '2022-07-20 16:30:00', 15),
		(5, 'Fallo en la cuantificación de analitos en una muestra clínica', '2022-08-05 10:00:00', 15);

    INSERT INTO Entradas_salidas (Legajo, Nro_area, Fecha, Es_entrada, Autorizado) VALUES
        (1000,  9, '2023-06-20 15:00:27', TRUE, FALSE),
        (1000,  9, '2023-06-20 15:10:31', TRUE, TRUE),
        (1000, 11, '2023-06-20 15:15:29', TRUE, FALSE),
        (1002,  1, '2023-06-20 15:20:05', TRUE, FALSE),
        (1002,  3, '2023-06-20 16:00:50', TRUE, FALSE),
        (1002,  3, '2023-06-20 16:10:52', TRUE, FALSE),
        (1002,  3, '2023-06-20 16:17:54', TRUE, FALSE),
        (1002,  3, '2023-06-20 17:20:56', TRUE, FALSE),
        (1002,  3, '2023-06-20 18:45:59', TRUE, FALSE),
        (1002,  3, '2023-06-20 18:47:02', TRUE, FALSE),
        (1003,  3, '2023-06-20 18:48:33', TRUE, FALSE),
        (1005,  3, '2023-06-20 18:49:35', TRUE, FALSE),
        (1005,  3, '2023-06-20 18:50:36', TRUE, FALSE),
        (1005,  3, '2023-06-20 19:45:38', TRUE, FALSE),
        (1005,  3, '2023-06-20 19:47:40', TRUE, FALSE),
        (1005,  3, '2023-06-20 19:48:43', TRUE, FALSE),
        (1005,  3, '2023-06-20 19:49:45', TRUE, FALSE),
        (1005,  3, '2023-06-20 19:51:48', TRUE, FALSE);

    INSERT INTO `Contrato` (`Id_contrato`,`F_ini`,`F_fin`,`Id_tarea`,`Nro_area`,`Legajo`)
    VALUES
        (1,"2021-07-15","2023-11-02",14,"11","1294"),
        (2,"2022-06-16","2024-03-30",27,"11","1239"),
        (3,"2022-05-24","2023-07-02",7,"9","1288"),
        (4,"2021-09-04","2023-03-31",21,"9","1316"),
        (5,"2021-02-08","2024-02-24",25,"11","1275"),
        (6,"2021-09-03","2023-10-24",34,"9","1241"),
        (7,"2022-04-10","2024-01-13",14,"9","1258"),
        (8,"2022-11-11","2023-12-18",18,"11","1285"),
        (9,"2022-09-26","2023-05-03",23,"9","1294"),
        (10,"2022-02-17","2023-08-08",6,"9","1316"),
        (11,"2022-08-03","2024-03-28",23,"11","1404"),
        (12,"2022-02-08","2024-02-27",21,"11","1350"),
        (13,"2021-12-10","2023-09-10",14,"11","1260"),
        (14,"2021-08-12","2024-03-16",25,"9","1239"),
        (15,"2021-02-26","2023-06-15",18,"11","1328"),
        (16,"2021-04-02","2024-03-10",21,"11","1359"),
        (17,"2022-07-16","2024-01-27",35,"9","1288"),
        (18,"2022-11-17","2023-03-21",34,"9","1359"),
        (19,"2022-03-04","2023-09-29",35,"9","1381"),
        (20,"2022-03-07","2023-05-12",20,"11","1325"),
        (21,"2021-06-04","2023-10-02",10,"11","1295"),
        (22,"2021-03-01","2023-11-17",16,"9","1405"),
        (23,"2021-11-27","2023-05-03",22,"9","1288"),
        (24,"2021-12-03","2023-07-08",17,"11","1295"),
        (25,"2022-02-04","2023-04-22",31,"11","1306"),
        (26,"2021-03-17","2024-01-21",31,"9","1289"),
        (27,"2022-11-10","2024-05-23",21,"9","1329"),
        (28,"2022-11-24","2024-05-07",29,"9","1258"),
        (29,"2022-09-16","2024-01-11",26,"11","1276"),
        (30,"2022-03-11","2023-11-21",17,"9","1316"),
        (31,"2022-10-28","2023-04-16",10,"9","1359"),
        (32,"2021-09-08","2023-03-31",20,"11","1299"),
        (33,"2022-03-19","2023-10-08",27,"11","1239"),
        (34,"2022-09-25","2023-05-15",35,"9","1230"),
        (35,"2022-11-06","2023-10-21",6,"11","1284"),
        (36,"2021-09-28","2023-07-27",24,"9","1316"),
        (37,"2021-01-19","2023-09-05",23,"11","1220"),
        (38,"2021-05-21","2024-01-11",21,"11","1290"),
        (39,"2021-02-06","2023-05-14",9,"11","1276"),
        (40,"2021-05-06","2023-10-16",18,"11","1316"),
        (41,"2021-03-26","2023-06-29",6,"9","1325"),
        (42,"2022-03-15","2023-09-18",21,"11","1350"),
        (43,"2021-02-13","2023-08-26",2,"11","1290"),
        (44,"2022-11-21","2023-08-05",12,"11","1328"),
        (45,"2022-08-28","2023-04-12",34,"9","1295"),
        (46,"2021-09-04","2024-05-31",33,"11","1253"),
        (47,"2022-07-16","2024-03-20",22,"11","1290"),
        (48,"2022-10-25","2024-03-01",26,"9","1405"),
        (49,"2022-11-01","2024-06-05",30,"9","1353"),
        (50,"2021-05-28","2024-01-14",4,"9","1381"),
        (51,"2021-07-19","2024-03-30",18,"11","1255"),
        (52,"2022-06-27","2023-12-01",7,"11","1306"),
        (53,"2021-03-24","2024-03-04",16,"9","1276"),
        (54,"2021-12-17","2023-07-02",21,"9","1289"),
        (55,"2022-03-26","2023-10-09",22,"11","1356"),
        (56,"2022-04-08","2023-05-27",7,"9","1359"),
        (57,"2022-07-25","2023-06-15",4,"11","1306"),
        (58,"2021-04-03","2023-12-05",20,"11","1243"),
        (59,"2022-03-21","2023-10-07",10,"9","1220"),
        (60,"2021-12-08","2023-04-11",15,"11","1283"),
        (61,"2021-02-04","2024-02-12",13,"11","1381"),
        (62,"2021-07-13","2024-05-01",34,"11","1316"),
        (63,"2021-09-06","2024-03-23",17,"11","1258"),
        (64,"2021-03-12","2023-04-23",6,"9","1284"),
        (65,"2022-04-20","2024-06-03",23,"9","1283"),
        (66,"2021-09-03","2023-04-27",11,"11","1359"),
        (67,"2021-03-21","2024-05-24",26,"9","1243"),
        (68,"2022-09-05","2023-10-31",31,"11","1276"),
        (69,"2021-05-25","2023-03-19",33,"11","1306"),
        (70,"2022-04-06","2023-04-25",29,"11","1295"),
        (71,"2022-02-12","2024-02-08",17,"9","1275"),
        (72,"2022-04-27","2023-03-15",30,"11","1239"),
        (73,"2021-03-29","2024-02-09",18,"9","1350"),
        (74,"2022-11-07","2024-06-02",8,"11","1356"),
        (75,"2021-08-11","2023-04-01",16,"9","1350"),
        (76,"2021-04-11","2023-05-12",15,"7","1374"),
        (77,"2021-02-02","2023-09-27",20,"12","1300"),
        (78,"2022-10-04","2023-11-02",2,"7","1361"),
        (79,"2022-05-29","2024-03-06",21,"15","1274"),
        (80,"2021-11-04","2023-08-04",17,"15","1216"),
        (81,"2022-03-25","2023-10-09",7,"6","1235"),
        (82,"2021-02-28","2023-12-17",20,"3","1413"),
        (83,"2022-05-21","2023-07-20",12,"11","1247"),
        (84,"2021-05-05","2023-10-02",9,"6","1362"),
        (85,"2022-04-10","2023-12-30",20,"2","1414"),
        (86,"2022-06-10","2023-04-15",7,"7","1374"),
        (87,"2021-01-04","2023-06-23",24,"5","1412"),
        (88,"2021-07-18","2023-05-06",32,"8","1218"),
        (89,"2021-02-01","2024-02-27",17,"7","1324"),
        (90,"2021-08-13","2023-09-14",19,"8","1324"),
        (91,"2021-04-13","2024-05-20",7,"9","1361"),
        (92,"2021-07-28","2023-08-26",31,"9","1300"),
        (93,"2022-04-17","2023-08-08",16,"5","1218"),
        (94,"2022-10-25","2023-10-14",24,"9","1300"),
        (95,"2022-09-02","2023-09-25",13,"15","1274"),
        (96,"2021-09-26","2023-06-26",7,"7","1244"),
        (97,"2022-09-19","2023-06-07",8,"8","1308"),
        (98,"2021-10-02","2023-08-07",21,"12","1374"),
        (99,"2021-10-01","2023-10-08",4,"2","1386"),
        (100,"2021-09-04","2023-06-25",19,"7","1412"),
        (101,"2022-04-09","2024-01-01",17,"8","1300"),
        (102,"2022-08-15","2023-12-04",34,"2","1373"),
        (103,"2021-08-01","2024-01-22",15,"6","1221"),
        (104,"2021-12-02","2023-08-03",7,"8","1360"),
        (105,"2021-11-07","2024-04-21",2,"12","1235"),
        (106,"2022-11-01","2024-02-03",5,"3","1361"),
        (107,"2022-03-24","2024-05-17",25,"8","1339"),
        (108,"2022-09-20","2023-03-29",34,"11","1368"),
        (109,"2022-08-01","2024-03-27",4,"12","1393"),
        (110,"2022-09-22","2024-03-22",6,"11","1368"),
        (111,"2021-10-26","2023-12-03",8,"7","1221"),
        (112,"2022-02-10","2023-03-16",32,"15","1383"),
        (113,"2021-07-24","2023-12-03",33,"15","1308"),
        (114,"2021-05-18","2024-01-26",2,"11","1221"),
        (115,"2022-03-11","2024-06-04",28,"2","1247"),
        (116,"2022-09-08","2023-06-27",17,"12","1385"),
        (117,"2022-07-04","2023-06-10",8,"8","1231"),
        (118,"2021-01-14","2024-01-04",31,"2","1386"),
        (119,"2021-01-04","2023-03-10",16,"7","1231"),
        (120,"2021-02-19","2023-05-21",20,"6","1221"),
        (121,"2021-07-17","2024-06-18",25,"8","1361"),
        (122,"2021-01-06","2024-01-10",3,"9","1264"),
        (123,"2022-09-23","2023-03-28",19,"8","1323"),
        (124,"2021-10-27","2024-04-30",28,"12","1235"),
        (125,"2022-01-07","2024-01-14",20,"5","1414"),
        (126,"2022-07-10","2024-06-13",25,"5","1287"),
        (127,"2021-08-04","2023-04-15",26,"11","1322"),
        (128,"2021-05-17","2023-07-16",4,"3","1264"),
        (129,"2022-09-21","2023-09-29",15,"5","1413"),
        (130,"2021-01-11","2024-03-04",22,"12","1383"),
        (131,"2022-08-01","2024-02-09",24,"2","1318"),
        (132,"2022-04-11","2023-11-13",26,"2","1362"),
        (133,"2021-12-27","2023-08-30",16,"9","1303"),
        (134,"2021-01-10","2023-07-30",30,"7","1322"),
        (135,"2022-07-13","2024-03-22",11,"3","1216"),
        (136,"2021-09-02","2024-05-31",24,"9","1413"),
        (137,"2021-06-18","2024-01-22",26,"3","1216"),
        (138,"2021-07-28","2024-03-04",12,"5","1412"),
        (139,"2022-11-09","2023-09-20",26,"7","1244"),
        (140,"2021-04-25","2023-12-07",5,"2","1222"),
        (141,"2022-09-10","2024-05-27",18,"9","1217"),
        (142,"2022-05-16","2023-11-03",23,"7","1318"),
        (143,"2022-04-06","2023-09-09",5,"5","1373"),
        (144,"2021-02-13","2024-05-27",27,"6","1413"),
        (145,"2022-04-11","2023-12-14",25,"12","1231"),
        (146,"2022-09-03","2024-01-29",22,"12","1269"),
        (147,"2021-09-16","2024-02-20",35,"5","1373"),
        (148,"2021-09-24","2024-05-26",18,"8","1281"),
        (149,"2021-09-27","2023-04-29",28,"7","1221"),
        (150,"2021-07-05","2024-06-16",31,"8","1414"),
        (151,"2022-05-24","2023-11-20",3,"2","1361"),
        (152,"2021-08-20","2023-10-03",28,"9","1414"),
        (153,"2022-04-18","2024-05-06",31,"7","1368"),
        (154,"2022-09-19","2023-10-05",20,"5","1217"),
        (155,"2022-07-02","2024-04-09",15,"11","1361"),
        (156,"2022-04-16","2023-08-23",35,"6","1287"),
        (157,"2021-09-05","2023-04-18",25,"15","1355"),
        (158,"2021-12-15","2024-02-10",15,"3","1355"),
        (159,"2021-04-23","2023-06-24",13,"7","1324"),
        (160,"2022-05-23","2024-03-14",17,"12","1361"),
        (161,"2021-01-03","2024-03-22",4,"6","1414"),
        (162,"2022-04-16","2023-06-28",30,"6","1393"),
        (163,"2021-12-05","2024-05-20",26,"9","1412"),
        (164,"2022-07-16","2024-02-06",29,"8","1324"),
        (165,"2021-05-02","2023-07-14",25,"7","1222"),
        (166,"2021-08-27","2023-09-04",9,"9","1331"),
        (167,"2021-09-12","2023-12-16",26,"11","1413"),
        (168,"2022-06-10","2024-02-12",23,"11","1218"),
        (169,"2021-11-06","2023-04-11",28,"15","1247"),
        (170,"2022-10-27","2024-01-15",1,"12","1303"),
        (171,"2021-04-17","2023-04-19",4,"6","1222"),
        (172,"2021-04-24","2023-10-10",29,"2","1362"),
        (173,"2022-09-10","2024-01-26",8,"12","1393"),
        (174,"2022-11-13","2023-07-02",27,"6","1339"),
        (175,"2021-01-16","2024-05-27",2,"5","1247"),
        (176,"2021-10-24","2023-11-04",21,14,"1334"),
        (177,"2022-04-14","2023-06-06",34,7,"1259"),
        (178,"2022-03-14","2024-04-07",8,5,"1256"),
        (179,"2022-10-19","2024-03-29",26,2,"1395"),
        (180,"2022-11-26","2023-11-24",14,10,"1259"),
        (181,"2022-04-06","2023-11-07",23,5,"1394"),
        (182,"2021-06-17","2023-06-27",10,15,"1256"),
        (183,"2021-02-10","2023-06-06",12,11,"1219"),
        (184,"2021-04-11","2023-06-25",10,6,"1259"),
        (185,"2022-01-17","2023-07-26",9,13,"1330"),
        (186,"2022-01-04","2023-12-31",18,9,"1248"),
        (187,"2022-10-07","2023-04-13",13,12,"1337"),
        (188,"2022-04-24","2023-08-12",16,13,"1367"),
        (189,"2021-06-22","2024-02-03",33,7,"1363"),
        (190,"2021-12-17","2023-05-24",26,12,"1298"),
        (191,"2022-07-29","2024-03-10",9,7,"1367"),
        (192,"2022-10-28","2024-06-17",2,11,"1248"),
        (193,"2021-05-14","2023-10-22",34,2,"1337"),
        (194,"2021-04-18","2024-05-12",28,6,"1344"),
        (195,"2022-05-02","2023-05-02",7,12,"1293"),
        (196,"2022-01-08","2023-05-04",22,14,"1337"),
        (197,"2022-08-21","2024-03-06",8,6,"1261"),
        (198,"2022-05-21","2023-10-13",25,5,"1334"),
        (199,"2022-06-28","2024-02-01",28,10,"1307"),
        (200,"2021-03-21","2024-03-23",20,4,"1358"),
        (201,"2022-04-18","2023-04-30",9,7,"1223"),
        (202,"2021-05-28","2023-11-30",27,3,"1282"),
        (203,"2022-08-17","2023-03-24",13,9,"1261"),
        (204,"2022-01-17","2023-10-22",25,6,"1358"),
        (205,"2021-06-17","2023-10-08",9,14,"1344"),
        (206,"2022-04-20","2023-05-20",22,7,"1363"),
        (207,"2022-09-20","2023-07-12",32,7,"1395"),
        (208,"2021-02-06","2024-02-21",17,13,"1238"),
        (209,"2021-12-06","2023-09-12",4,13,"1282"),
        (210,"2022-07-21","2023-07-01",10,5,"1310"),
        (211,"2021-10-10","2023-10-02",20,9,"1367"),
        (212,"2021-02-27","2024-01-10",30,10,"1293"),
        (213,"2021-07-06","2023-09-20",20,9,"1344"),
        (214,"2022-05-15","2024-04-12",21,6,"1259"),
        (215,"2022-10-12","2023-11-22",12,6,"1337"),
        (216,"2021-10-17","2023-12-30",3,6,"1219"),
        (217,"2022-03-19","2023-12-11",17,7,"1219"),
        (218,"2022-02-21","2023-08-19",24,10,"1357"),
        (219,"2022-10-15","2024-02-26",24,9,"1357"),
        (220,"2022-09-14","2024-01-14",35,12,"1357"),
        (221,"2022-07-31","2023-09-06",4,2,"1395"),
        (222,"2022-09-04","2023-07-15",16,5,"1261"),
        (223,"2021-04-12","2023-11-03",32,9,"1380"),
        (224,"2022-09-23","2024-02-16",4,9,"1343"),
        (225,"2021-11-17","2023-05-09",23,11,"1357"),
        (226,"2022-04-20","2023-11-17",20,5,"1238"),
        (227,"2022-04-10","2023-07-04",15,2,"1346"),
        (228,"2022-10-13","2024-06-10",24,11,"1337"),
        (229,"2021-10-16","2024-01-16",26,6,"1344"),
        (230,"2021-08-15","2024-04-20",33,12,"1261"),
        (231,"2021-12-30","2023-07-17",28,9,"1330"),
        (232,"2021-11-29","2023-04-11",18,7,"1259"),
        (233,"2021-04-17","2024-02-21",33,14,"1238"),
        (234,"2021-11-01","2024-02-14",19,9,"1389"),
        (235,"2022-05-15","2023-08-06",13,15,"1261"),
        (236,"2021-01-03","2023-05-21",17,10,"1272"),
        (237,"2021-08-06","2023-07-28",28,13,"1380"),
        (238,"2021-10-05","2023-04-10",25,6,"1282"),
        (239,"2021-03-18","2023-05-21",27,5,"1364"),
        (240,"2021-02-07","2024-03-24",3,15,"1343"),
        (241,"2022-01-12","2024-06-02",12,6,"1366"),
        (242,"2022-07-02","2023-05-10",28,4,"1286"),
        (243,"2021-07-26","2023-04-12",15,1,"1366"),
        (244,"2022-05-29","2023-10-28",2,3,"1252"),
        (245,"2021-01-22","2024-02-29",11,3,"1254"),
        (246,"2021-06-23","2023-12-28",25,7,"1219"),
        (247,"2021-05-02","2024-03-11",18,2,"1254"),
        (248,"2021-10-27","2023-10-16",8,11,"1389"),
        (249,"2021-03-28","2023-09-20",7,1,"1282"),
        (250,"2022-08-12","2023-10-31",24,13,"1382"),
        (251,"2022-10-19","2023-04-13",20,6,"1286"),
        (252,"2021-05-05","2023-04-16",17,4,"1256"),
        (253,"2022-07-01","2023-05-21",16,11,"1282"),
        (254,"2022-10-18","2023-09-28",24,7,"1343"),
        (255,"2022-10-12","2023-04-28",28,8,"1380"),
        (256,"2021-07-21","2024-05-13",34,11,"1233"),
        (257,"2021-01-28","2024-02-12",17,10,"1261"),
        (258,"2021-09-23","2023-05-22",3,2,"1394"),
        (259,"2021-07-11","2024-05-31",4,7,"1389"),
        (260,"2022-02-26","2023-05-03",2,9,"1298"),
        (261,"2021-04-29","2024-01-30",1,3,"1358"),
        (262,"2022-08-08","2024-04-23",8,13,"1272"),
        (263,"2022-08-11","2024-03-04",3,11,"1238"),
        (264,"2022-04-29","2024-05-25",7,12,"1343"),
        (265,"2021-07-01","2024-02-21",31,6,"1358"),
        (266,"2022-07-21","2023-04-03",4,15,"1367"),
        (267,"2021-05-04","2023-05-09",11,11,"1382"),
        (268,"2021-02-01","2023-12-30",9,10,"1272"),
        (269,"2021-01-16","2024-03-24",25,8,"1334"),
        (270,"2022-04-01","2023-09-09",11,12,"1307"),
        (271,"2022-06-14","2023-06-26",14,13,"1261"),
        (272,"2022-11-03","2024-05-06",5,3,"1346"),
        (273,"2021-05-28","2023-08-15",5,3,"1334"),
        (274,"2021-11-27","2023-05-15",7,13,"1363"),
        (275,"2022-01-28","2024-06-09",11,6,"1298");
    
    INSERT INTO `Auditoria` (`Nro_audit`,`Descripcion`,`Fecha`,`Aprobado`,`Id_contrato`) VALUES
        (1,"convallis convallis dolor. Quisque tincidunt pede ac","2023-01-03 04:28:57",FALSE,186),
        (2,"felis. Donec tempor,","2023-03-07 16:48:57",TRUE,22),
        (3,"enim nec tempus scelerisque, lorem","2023-02-04 02:20:26",TRUE,224),
        (4,"id, blandit","2023-02-15 19:18:16",FALSE,140),
        (5,"non, dapibus rutrum, justo. Praesent luctus.","2023-02-11 14:17:19",TRUE,204),
        (6,"in, dolor. Fusce feugiat. Lorem","2023-02-08 12:24:03",FALSE,59),
        (7,"et risus. Quisque libero lacus, varius et, euismod","2023-01-04 22:44:50",TRUE,253),
        (8,"quam. Curabitur vel","2022-12-28 22:26:47",TRUE,149),
        (9,"luctus","2023-02-12 01:40:05",TRUE,177),
        (10,"lacus pede sagittis","2022-12-25 17:45:38",FALSE,240),
        (11,"vitae, orci. Phasellus dapibus quam quis diam. Pellentesque habitant","2023-02-13 09:26:32",FALSE,16),
        (12,"convallis est, vitae sodales nisi magna sed dui. Fusce","2023-03-01 16:33:11",TRUE,85),
        (13,"vitae nibh. Donec est","2023-01-02 15:45:55",FALSE,214),
        (14,"vitae odio sagittis semper. Nam","2023-01-16 21:02:40",TRUE,116),
        (15,"eu, odio. Phasellus at","2023-02-20 16:16:05",TRUE,248),
        (16,"ut mi. Duis risus odio,","2023-02-20 20:29:09",FALSE,184),
        (17,"sem eget","2023-01-14 08:29:11",FALSE,243),
        (18,"In ornare sagittis felis. Donec","2022-12-03 10:02:47",TRUE,119),
        (19,"a ultricies adipiscing, enim mi tempor lorem, eget","2023-02-25 03:00:27",TRUE,123),
        (20,"dui,","2022-12-13 17:12:08",FALSE,112),
        (21,"vitae nibh. Donec est mauris, rhoncus id, mollis nec, cursus","2023-02-27 13:40:05",FALSE,40),
        (22,"sapien.","2023-02-25 18:08:04",TRUE,119),
        (23,"eu odio tristique pharetra.","2023-03-07 01:11:05",TRUE,255),
        (24,"libero est, congue a, aliquet vel, vulputate eu, odio.","2023-01-11 13:28:59",FALSE,175),
        (25,"vestibulum massa rutrum magna. Cras convallis convallis","2023-01-31 14:59:10",FALSE,67),
        (26,"sociis natoque penatibus et magnis dis parturient montes, nascetur","2023-02-04 07:26:14",FALSE,232),
        (27,"orci tincidunt adipiscing.","2023-02-08 06:09:07",FALSE,81),
        (28,"sit amet massa. Quisque","2023-02-05 00:44:00",TRUE,40),
        (29,"nisi. Aenean","2023-03-04 03:17:54",FALSE,29),
        (30,"dolor elit,","2023-01-13 12:15:38",TRUE,40),
        (31,"sit amet, consectetuer adipiscing elit. Aliquam auctor, velit","2022-12-07 23:34:51",TRUE,70),
        (32,"Nulla dignissim. Maecenas ornare egestas ligula. Nullam feugiat","2022-12-23 21:01:12",TRUE,16),
        (33,"lacus vestibulum lorem, sit amet ultricies sem magna","2023-01-22 21:40:44",TRUE,95),
        (34,"egestas nunc sed","2023-02-08 22:42:52",TRUE,243),
        (35,"penatibus et magnis dis parturient montes, nascetur ridiculus mus. Aenean","2023-02-21 01:07:12",FALSE,183),
        (36,"euismod et, commodo at,","2022-12-26 10:09:15",FALSE,158),
        (37,"Nam interdum enim non","2023-02-28 08:10:12",TRUE,260),
        (38,"eleifend nec, malesuada ut,","2023-02-14 15:01:18",TRUE,245),
        (39,"Proin","2023-02-16 03:35:30",TRUE,79),
        (40,"In ornare sagittis felis.","2023-01-22 23:57:57",FALSE,229),
        (41,"elit, pellentesque a, facilisis non, bibendum sed, est.","2022-12-13 15:00:01",FALSE,148),
        (42,"posuere cubilia Curae Phasellus ornare. Fusce mollis. Duis sit amet","2023-01-23 17:49:03",FALSE,119),
        (43,"tincidunt","2022-12-27 00:01:03",FALSE,217),
        (44,"adipiscing elit. Etiam","2022-12-27 08:52:19",TRUE,94),
        (45,"non, cursus non, egestas","2023-02-19 10:00:57",TRUE,132),
        (46,"ipsum dolor sit amet, consectetuer adipiscing elit. Curabitur","2023-02-01 02:31:36",TRUE,242),
        (47,"nisl elementum purus, accumsan","2023-02-03 22:47:35",FALSE,227),
        (48,"elit, pharetra ut, pharetra sed,","2022-12-27 00:36:43",TRUE,163),
        (49,"vel quam dignissim pharetra. Nam ac","2022-12-15 11:54:22",TRUE,98),
        (50,"pede. Cum sociis natoque penatibus","2023-01-05 03:24:26",FALSE,112),
        (51,"eu eros.","2023-03-05 03:05:40",FALSE,71),
        (52,"nec, cursus a, enim. Suspendisse aliquet, sem ut cursus","2022-12-23 12:52:21",TRUE,182),
        (53,"vitae purus gravida sagittis. Duis","2022-12-12 08:53:35",FALSE,234),
        (54,"egestas. Aliquam fringilla cursus purus. Nullam scelerisque neque","2023-02-03 20:53:55",FALSE,53),
        (55,"montes, nascetur ridiculus mus. Donec dignissim magna","2023-02-13 06:50:53",TRUE,233),
        (56,"dis","2022-12-26 12:50:47",FALSE,134),
        (57,"Aenean euismod mauris eu elit. Nulla facilisi. Sed neque.","2022-12-21 15:28:43",TRUE,34),
        (58,"hendrerit id, ante. Nunc mauris sapien, cursus","2022-12-19 07:36:03",TRUE,46),
        (59,"Sed nunc est, mollis non, cursus non, egestas a, dui.","2023-01-20 21:11:56",TRUE,184),
        (60,"dis parturient","2022-12-23 00:14:32",TRUE,117),
        (61,"imperdiet nec, leo. Morbi neque tellus, imperdiet","2023-03-06 05:02:52",FALSE,176),
        (62,"Morbi sit amet massa.","2023-01-18 23:47:23",TRUE,24),
        (63,"posuere, enim nisl elementum","2022-12-25 06:23:12",TRUE,183),
        (64,"interdum. Sed auctor odio a","2022-12-20 16:42:52",FALSE,227),
        (65,"lacus. Quisque","2023-01-04 20:13:56",TRUE,254),
        (66,"vel, faucibus id, libero. Donec consectetuer mauris id sapien.","2023-02-28 23:13:28",TRUE,102),
        (67,"ac tellus. Suspendisse sed dolor. Fusce","2022-12-27 15:12:03",FALSE,267),
        (68,"posuere, enim nisl elementum purus, accumsan interdum","2022-12-11 15:44:17",TRUE,47),
        (69,"consequat auctor, nunc nulla vulputate dui,","2023-02-20 02:48:10",FALSE,15),
        (70,"amet, faucibus ut, nulla.","2023-01-11 12:03:11",TRUE,108),
        (71,"placerat, augue. Sed molestie. Sed id risus quis diam","2023-01-13 08:30:18",FALSE,115),
        (72,"aliquet,","2023-01-29 12:04:25",TRUE,38),
        (73,"purus gravida sagittis. Duis gravida. Praesent eu","2023-01-21 23:11:56",FALSE,31),
        (74,"ornare placerat,","2023-02-15 01:25:46",TRUE,59),
        (75,"nunc sed libero. Proin sed turpis nec mauris","2023-03-05 02:59:46",TRUE,175),
        (76,"odio. Nam interdum enim non nisi. Aenean","2023-02-14 16:17:55",TRUE,274),
        (77,"libero mauris, aliquam","2023-01-03 16:39:03",FALSE,252),
        (78,"fringilla purus mauris a nunc. In","2022-12-25 19:12:08",FALSE,58),
        (79,"vulputate, nisi sem semper erat, in consectetuer ipsum","2022-12-25 09:48:27",TRUE,15),
        (80,"velit dui, semper","2022-12-30 18:27:14",FALSE,78),
        (81,"elit sed consequat auctor, nunc nulla vulputate dui, nec","2023-02-18 00:13:34",TRUE,8),
        (82,"Nulla interdum. Curabitur dictum. Phasellus in felis. Nulla tempor","2023-01-09 20:35:34",FALSE,162),
        (83,"eu tellus","2022-12-30 18:10:25",TRUE,117),
        (84,"nec, eleifend non, dapibus rutrum, justo. Praesent","2023-02-17 20:17:32",TRUE,116),
        (85,"in, tempus eu,","2022-12-03 05:55:13",FALSE,231),
        (86,"massa non ante","2023-01-17 21:12:55",FALSE,81),
        (87,"Etiam gravida molestie arcu.","2022-12-23 21:30:50",TRUE,116),
        (88,"nec ante blandit viverra. Donec tempus, lorem","2023-02-16 12:17:05",FALSE,46),
        (89,"Mauris vel turpis. Aliquam adipiscing lobortis risus. In mi","2023-02-12 14:57:41",TRUE,216),
        (90,"Nullam lobortis quam a felis ullamcorper","2023-01-23 06:54:26",TRUE,205),
        (91,"nunc sed libero.","2023-01-23 13:30:15",TRUE,146),
        (92,"et ultrices posuere cubilia","2022-12-31 03:39:12",FALSE,270),
        (93,"at risus. Nunc ac sem ut dolor dapibus gravida.","2022-12-23 14:12:06",TRUE,196),
        (94,"ornare egestas ligula. Nullam feugiat placerat velit. Quisque","2022-12-15 12:56:11",FALSE,206),
        (95,"Phasellus libero mauris, aliquam eu, accumsan sed, facilisis","2023-01-10 00:24:42",TRUE,89),
        (96,"consectetuer rhoncus. Nullam velit dui, semper","2023-01-09 12:54:07",FALSE,45),
        (97,"vel pede blandit congue. In","2023-01-23 07:48:21",TRUE,83),
        (98,"pellentesque, tellus sem","2023-01-10 04:54:41",FALSE,39),
        (99,"parturient montes, nascetur ridiculus mus. Donec","2023-02-25 21:05:37",FALSE,150),
        (100,"Nulla eu neque pellentesque massa","2023-01-27 22:36:41",TRUE,147),
        (101,"ante ipsum primis in faucibus orci luctus et","2022-12-22 03:38:28",TRUE,270),
        (102,"in consequat enim diam vel arcu. Curabitur ut odio","2022-12-06 16:56:42",FALSE,193),
        (103,"Mauris non dui nec urna suscipit","2023-01-20 06:05:56",TRUE,246),
        (104,"auctor. Mauris vel turpis. Aliquam adipiscing lobortis","2023-03-07 10:52:35",FALSE,233),
        (105,"lorem, sit amet ultricies sem magna nec quam.","2022-12-22 23:59:41",FALSE,75),
        (106,"ante blandit","2023-02-08 03:13:58",TRUE,33),
        (107,"massa. Vestibulum accumsan neque et nunc. Quisque ornare","2023-01-17 11:00:47",TRUE,111),
        (108,"enim consequat purus. Maecenas","2023-02-18 05:48:38",TRUE,153),
        (109,"lobortis ultrices. Vivamus rhoncus. Donec est. Nunc ullamcorper,","2023-03-07 09:42:32",FALSE,82),
        (110,"Donec","2022-12-07 06:33:23",FALSE,273),
        (111,"dolor sit","2022-12-11 02:07:14",FALSE,271),
        (112,"mauris, rhoncus id, mollis nec, cursus a, enim.","2022-12-28 23:07:19",FALSE,140),
        (113,"non","2023-01-08 00:35:46",TRUE,260),
        (114,"est. Nunc laoreet lectus quis massa. Mauris vestibulum, neque","2023-01-22 23:20:13",FALSE,126),
        (115,"ornare, facilisis eget, ipsum. Donec sollicitudin","2023-01-13 15:41:45",TRUE,139),
        (116,"ut mi. Duis risus","2022-12-28 08:34:14",FALSE,9),
        (117,"Aenean eget magna. Suspendisse tristique neque","2022-12-11 09:03:20",FALSE,195),
        (118,"ipsum dolor sit amet, consectetuer","2023-02-28 07:33:03",TRUE,73),
        (119,"Nulla tempor augue ac ipsum. Phasellus vitae mauris","2023-02-07 19:16:41",FALSE,172),
        (120,"adipiscing. Mauris molestie pharetra nibh. Aliquam ornare, libero at","2022-12-22 11:37:57",TRUE,4),
        (121,"neque. In","2023-03-01 04:19:33",TRUE,141),
        (122,"Cras interdum. Nunc sollicitudin commodo ipsum. Suspendisse non leo.","2023-02-27 19:32:51",TRUE,114),
        (123,"Aenean gravida nunc sed","2022-12-17 16:18:26",TRUE,55),
        (124,"sit amet nulla. Donec non justo. Proin non massa non","2023-01-19 00:04:28",TRUE,255),
        (125,"ullamcorper eu,","2023-02-27 11:25:58",TRUE,27),
        (126,"Nunc laoreet lectus quis","2023-02-25 08:16:50",FALSE,147),
        (127,"dui quis accumsan convallis, ante lectus","2023-02-25 19:32:46",FALSE,57),
        (128,"lacus pede sagittis augue, eu tempor erat neque non","2023-02-13 14:38:02",TRUE,227),
        (129,"Sed dictum. Proin eget","2023-02-20 07:42:01",TRUE,160),
        (130,"sapien. Nunc pulvinar","2023-01-24 01:30:43",TRUE,79),
        (131,"erat","2023-01-28 11:20:03",TRUE,53),
        (132,"elit, pretium et, rutrum non, hendrerit id, ante.","2022-12-31 11:52:28",FALSE,20),
        (133,"sagittis semper. Nam tempor","2023-02-28 23:33:38",FALSE,19),
        (134,"sit amet","2023-01-04 05:25:12",TRUE,259),
        (135,"Quisque imperdiet, erat nonummy ultricies ornare,","2023-01-30 01:22:12",TRUE,112),
        (136,"condimentum. Donec at arcu. Vestibulum ante ipsum primis in","2023-02-27 09:19:26",FALSE,176),
        (137,"Nulla dignissim. Maecenas ornare egestas ligula. Nullam feugiat placerat velit.","2022-12-22 12:39:13",TRUE,271),
        (138,"ut erat. Sed nunc est, mollis non, cursus","2023-01-27 07:31:04",FALSE,115),
        (139,"Curabitur consequat, lectus sit amet","2023-03-02 06:31:30",TRUE,241),
        (140,"risus. Nunc ac","2023-03-05 00:05:18",TRUE,49),
        (141,"neque. Sed","2023-01-24 04:06:51",FALSE,167),
        (142,"vel arcu. Curabitur","2023-02-11 00:39:42",TRUE,137),
        (143,"erat. Vivamus nisi. Mauris nulla. Integer urna. Vivamus molestie dapibus","2022-12-24 23:57:16",FALSE,111),
        (144,"lectus quis massa. Mauris vestibulum,","2023-01-13 02:08:19",TRUE,165),
        (145,"Fusce mi lorem, vehicula","2023-01-05 22:26:15",TRUE,275),
        (146,"amet luctus vulputate, nisi sem semper erat, in","2023-01-03 08:37:25",FALSE,193),
        (147,"vitae diam. Proin dolor. Nulla semper tellus id","2022-12-14 22:54:27",TRUE,37),
        (148,"ridiculus mus. Proin vel nisl. Quisque fringilla euismod enim. Etiam","2022-12-17 11:36:40",TRUE,195),
        (149,"tincidunt dui augue eu tellus. Phasellus elit pede,","2022-12-13 05:06:20",FALSE,121),
        (150,"vitae purus gravida","2022-12-07 08:19:35",TRUE,116),
        (151,"Donec","2023-01-06 05:40:46",TRUE,224),
        (152,"mi lacinia mattis. Integer eu lacus. Quisque imperdiet,","2023-01-21 09:53:11",FALSE,71),
        (153,"orci. Phasellus dapibus","2023-01-10 18:45:47",FALSE,144),
        (154,"libero. Donec consectetuer mauris id","2023-01-27 14:58:07",FALSE,134),
        (155,"lorem lorem, luctus","2023-02-15 06:32:48",TRUE,4),
        (156,"ultricies ornare,","2023-01-28 20:26:56",FALSE,10),
        (157,"lacinia orci,","2022-12-19 18:40:41",FALSE,36),
        (158,"nisl elementum purus, accumsan interdum libero","2023-01-28 06:58:44",TRUE,211),
        (159,"urna justo faucibus lectus,","2022-12-23 05:37:19",TRUE,142),
        (160,"egestas ligula. Nullam feugiat placerat velit. Quisque varius. Nam porttitor","2023-01-01 21:56:42",FALSE,167),
        (161,"ornare. In faucibus. Morbi vehicula. Pellentesque tincidunt tempus","2023-02-21 02:19:58",FALSE,173),
        (162,"amet metus. Aliquam erat volutpat. Nulla facilisis. Suspendisse commodo","2023-02-25 11:47:33",FALSE,210),
        (163,"mauris","2023-02-13 20:25:54",FALSE,259),
        (164,"Proin nisl sem, consequat","2023-02-05 00:37:45",TRUE,91),
        (165,"amet metus.","2023-02-22 18:32:54",FALSE,49),
        (166,"ligula.","2022-12-15 21:40:23",TRUE,243),
        (167,"Donec vitae erat vel pede blandit congue. In","2023-02-19 14:15:49",FALSE,121),
        (168,"sem eget massa. Suspendisse eleifend. Cras sed leo. Cras vehicula","2023-02-09 03:52:41",TRUE,24),
        (169,"enim. Sed nulla ante,","2022-12-30 07:39:20",TRUE,164),
        (170,"elit, a feugiat tellus","2023-02-07 11:17:13",FALSE,11),
        (171,"id risus quis diam","2023-02-27 20:40:57",TRUE,20),
        (172,"enim, gravida sit amet, dapibus id, blandit","2023-02-02 21:57:45",TRUE,100),
        (173,"at augue id ante dictum cursus. Nunc mauris elit,","2023-02-08 20:25:41",TRUE,46),
        (174,"scelerisque neque sed sem egestas blandit. Nam nulla magna,","2023-02-17 16:47:28",FALSE,160),
        (175,"Duis elementum, dui","2023-02-15 00:55:32",FALSE,239),
        (176,"Maecenas libero est, congue a, aliquet vel, vulputate eu,","2022-12-05 19:02:39",TRUE,1),
        (177,"non quam. Pellentesque","2022-12-07 05:59:51",FALSE,60),
        (178,"Phasellus fermentum convallis ligula. Donec luctus aliquet odio. Etiam ligula","2023-02-21 01:53:08",FALSE,95),
        (179,"feugiat metus sit amet","2023-01-29 17:25:52",TRUE,159),
        (180,"ipsum nunc id enim. Curabitur","2022-12-11 13:20:58",TRUE,206),
        (181,"adipiscing non,","2023-01-29 23:20:04",TRUE,64),
        (182,"Morbi","2023-02-16 19:53:57",FALSE,101),
        (183,"ridiculus mus. Aenean eget magna. Suspendisse tristique","2022-12-21 17:24:01",TRUE,251),
        (184,"pharetra nibh.","2023-01-21 18:54:51",FALSE,3),
        (185,"nibh. Quisque nonummy ipsum","2022-12-14 06:00:47",FALSE,269),
        (186,"Aenean gravida nunc sed pede. Cum sociis natoque penatibus","2022-12-05 11:16:15",TRUE,64),
        (187,"in magna. Phasellus","2023-02-08 13:57:52",FALSE,118),
        (188,"aliquet","2023-01-22 10:39:04",TRUE,91),
        (189,"mauris blandit mattis. Cras","2023-02-05 13:03:55",FALSE,34),
        (190,"adipiscing fringilla, porttitor vulputate, posuere vulputate,","2023-02-22 05:10:01",FALSE,118),
        (191,"egestas. Sed pharetra, felis","2023-01-29 21:23:33",TRUE,54),
        (192,"Fusce aliquet magna a neque. Nullam","2023-03-04 17:58:04",TRUE,63),
        (193,"quam. Curabitur vel lectus. Cum sociis","2023-02-15 23:29:05",FALSE,37),
        (194,"Aenean eget magna.","2023-02-08 07:22:01",FALSE,100),
        (195,"a, enim. Suspendisse","2023-02-17 23:44:35",TRUE,230),
        (196,"non leo. Vivamus nibh dolor, nonummy","2022-12-14 17:11:39",FALSE,91),
        (197,"luctus felis purus ac tellus. Suspendisse sed dolor. Fusce","2023-01-30 07:00:06",TRUE,246),
        (198,"congue turpis.","2023-02-19 11:39:15",FALSE,41),
        (199,"sem ut dolor dapibus gravida. Aliquam","2022-12-20 16:23:42",FALSE,177),
        (200,"arcu. Nunc mauris. Morbi non sapien","2023-01-17 21:56:14",TRUE,1),
        (201,"nibh dolor,","2023-02-04 23:45:09",TRUE,112),
        (202,"felis orci, adipiscing non,","2022-12-29 06:27:56",TRUE,69),
        (203,"ac arcu.","2022-12-31 14:42:14",TRUE,15),
        (204,"viverra. Maecenas iaculis aliquet diam. Sed diam","2023-01-02 20:33:26",FALSE,185),
        (205,"Suspendisse commodo tincidunt","2023-02-08 03:03:04",TRUE,39),
        (206,"eu dui. Cum","2022-12-16 23:18:30",TRUE,267),
        (207,"quis urna.","2023-02-28 13:30:00",FALSE,250),
        (208,"Nam interdum enim","2023-02-07 05:33:21",FALSE,180),
        (209,"a sollicitudin orci sem eget","2022-12-04 01:10:43",FALSE,181),
        (210,"varius orci, in","2023-03-06 08:36:28",FALSE,196),
        (211,"a, arcu. Sed et libero. Proin mi.","2022-12-11 00:00:27",TRUE,172),
        (212,"Aliquam erat volutpat.","2023-02-21 02:26:03",FALSE,228),
        (213,"euismod enim.","2023-01-10 17:39:32",FALSE,53),
        (214,"dolor elit,","2023-01-13 16:17:34",FALSE,267),
        (215,"convallis","2023-02-09 01:06:41",TRUE,54),
        (216,"vitae semper","2022-12-25 00:19:04",TRUE,161),
        (217,"semper, dui lectus rutrum urna, nec luctus felis purus","2023-01-11 14:36:33",TRUE,239),
        (218,"Proin vel arcu","2022-12-22 17:29:38",TRUE,184),
        (219,"tincidunt tempus risus. Donec egestas. Duis","2023-02-20 10:38:26",TRUE,162),
        (220,"id, blandit at, nisi. Cum","2022-12-08 20:10:25",FALSE,127),
        (221,"non, sollicitudin a, malesuada id, erat. Etiam vestibulum","2023-01-02 09:58:48",FALSE,172),
        (222,"eu lacus. Quisque imperdiet, erat nonummy ultricies ornare,","2022-12-20 09:07:16",TRUE,90),
        (223,"massa non ante bibendum ullamcorper. Duis cursus, diam at","2023-02-04 00:25:31",TRUE,95),
        (224,"sed consequat auctor, nunc nulla","2023-01-03 06:35:12",FALSE,4),
        (225,"lacus. Etiam","2022-12-11 00:02:54",TRUE,187),
        (226,"interdum feugiat. Sed nec metus facilisis lorem tristique aliquet.","2023-02-04 21:59:44",TRUE,192),
        (227,"sagittis. Duis gravida.","2022-12-05 04:21:35",FALSE,233),
        (228,"nibh. Donec est","2022-12-04 06:11:52",FALSE,78),
        (229,"ac nulla. In","2022-12-31 08:48:46",TRUE,86),
        (230,"Proin ultrices. Duis volutpat nunc","2023-01-24 16:12:39",TRUE,180),
        (231,"Aliquam rutrum","2023-01-21 20:51:08",TRUE,88),
        (232,"dis parturient montes,","2022-12-05 19:31:35",FALSE,156),
        (233,"Integer mollis. Integer tincidunt aliquam arcu. Aliquam","2023-01-10 11:01:54",FALSE,253),
        (234,"malesuada augue","2023-03-04 22:50:52",FALSE,186),
        (235,"tortor. Integer aliquam adipiscing lacus. Ut nec urna","2023-01-22 13:36:07",TRUE,17),
        (236,"tempor diam dictum sapien. Aenean","2023-02-21 06:10:26",FALSE,254),
        (237,"in sodales elit erat vitae","2023-02-02 23:22:38",TRUE,263),
        (238,"Vivamus","2022-12-20 06:55:16",TRUE,57),
        (239,"pellentesque massa lobortis ultrices. Vivamus rhoncus. Donec","2023-02-12 23:18:19",TRUE,266),
        (240,"tortor. Integer","2023-02-18 18:46:22",TRUE,57),
        (241,"dolor, tempus non, lacinia at, iaculis quis,","2022-12-24 23:42:00",FALSE,43),
        (242,"mauris, rhoncus id, mollis nec, cursus a, enim. Suspendisse","2022-12-21 14:19:56",FALSE,162),
        (243,"diam luctus lobortis. Class aptent","2022-12-19 14:36:52",FALSE,19),
        (244,"egestas. Sed pharetra, felis eget varius","2022-12-23 14:58:18",TRUE,127),
        (245,"ac, feugiat non,","2023-02-21 00:42:05",TRUE,218),
        (246,"cursus","2022-12-27 09:42:24",TRUE,204),
        (247,"Cum sociis natoque penatibus","2022-12-16 17:44:43",TRUE,15),
        (248,"sed","2023-02-21 11:31:54",TRUE,250),
        (249,"bibendum sed, est. Nunc laoreet lectus quis massa. Mauris","2023-02-17 05:54:46",FALSE,168),
        (250,"nec tempus mauris erat eget ipsum. Suspendisse sagittis.","2022-12-15 18:43:53",FALSE,75),
        (251,"Integer","2023-02-12 08:30:45",FALSE,30),
        (252,"lorem ac risus. Morbi metus. Vivamus euismod urna. Nullam","2023-02-09 04:49:35",FALSE,125),
        (253,"vulputate, nisi","2023-01-05 02:51:18",TRUE,251),
        (254,"Curabitur dictum. Phasellus","2023-01-28 08:04:09",TRUE,110),
        (255,"viverra. Donec","2022-12-02 21:48:29",TRUE,78),
        (256,"eget, volutpat ornare, facilisis eget, ipsum. Donec sollicitudin adipiscing","2023-02-22 09:52:08",TRUE,198),
        (257,"eleifend non, dapibus rutrum, justo. Praesent luctus.","2023-02-14 18:41:23",FALSE,109),
        (258,"et, commodo at, libero.","2022-12-16 19:13:12",TRUE,30),
        (259,"Sed auctor odio a purus. Duis elementum, dui quis","2023-01-25 10:54:46",TRUE,228),
        (260,"et tristique","2022-12-10 05:13:42",TRUE,155),
        (261,"felis ullamcorper viverra. Maecenas","2023-02-15 16:30:08",FALSE,112),
        (262,"Donec dignissim magna a tortor. Nunc commodo auctor velit.","2023-01-24 03:10:21",FALSE,12),
        (263,"dolor. Quisque tincidunt pede ac urna.","2023-02-03 21:32:04",FALSE,240),
        (264,"quam","2023-01-15 05:36:28",FALSE,18),
        (265,"parturient montes,","2022-12-03 16:40:55",FALSE,231),
        (266,"sit amet, risus. Donec nibh enim, gravida","2023-01-02 17:28:11",FALSE,86),
        (267,"placerat. Cras","2023-01-08 04:42:07",TRUE,66),
        (268,"eros non enim commodo hendrerit. Donec porttitor tellus","2023-02-09 07:54:54",FALSE,207),
        (269,"purus. Maecenas libero est,","2022-12-15 12:34:45",FALSE,8),
        (270,"molestie dapibus ligula. Aliquam erat volutpat. Nulla","2023-03-08 07:43:53",TRUE,199),
        (271,"Donec est. Nunc","2023-01-28 11:07:28",FALSE,204),
        (272,"semper tellus id nunc interdum feugiat. Sed nec metus","2023-03-05 08:39:27",FALSE,95),
        (273,"ipsum dolor sit amet, consectetuer","2023-01-13 15:36:14",TRUE,253),
        (274,"Duis volutpat nunc sit amet metus. Aliquam erat volutpat.","2023-01-08 21:47:22",FALSE,127),
        (275,"vehicula et, rutrum eu, ultrices sit amet,","2023-02-09 10:59:29",TRUE,258),
        (276,"risus. In mi","2023-03-07 14:39:12",TRUE,74),
        (277,"congue. In scelerisque scelerisque dui. Suspendisse ac metus","2023-01-01 22:28:34",FALSE,218),
        (278,"nec tellus. Nunc lectus pede,","2023-03-05 12:47:19",TRUE,43),
        (279,"elit elit fermentum risus, at fringilla","2022-12-07 18:28:15",FALSE,254),
        (280,"Proin nisl","2023-01-24 17:25:04",TRUE,126),
        (281,"aliquam arcu. Aliquam ultrices iaculis odio. Nam interdum","2023-02-05 22:41:32",FALSE,77),
        (282,"Sed auctor odio","2023-01-06 16:02:07",FALSE,158),
        (283,"Nam consequat dolor vitae dolor. Donec fringilla. Donec","2022-12-20 00:01:36",FALSE,104),
        (284,"ac turpis egestas. Fusce aliquet","2022-12-07 03:10:10",TRUE,108),
        (285,"ipsum primis in faucibus orci luctus et ultrices posuere","2023-02-24 03:56:36",FALSE,196),
        (286,"ipsum cursus vestibulum. Mauris magna. Duis dignissim","2023-01-05 02:57:52",FALSE,51),
        (287,"non justo. Proin non massa non ante bibendum ullamcorper.","2023-01-09 12:17:09",FALSE,188),
        (288,"velit eget laoreet","2023-03-03 22:38:19",TRUE,52),
        (289,"amet ante. Vivamus non lorem vitae odio sagittis semper.","2022-12-19 01:41:00",FALSE,159),
        (290,"ac, eleifend vitae, erat.","2022-12-16 19:57:10",TRUE,17),
        (291,"Nunc ullamcorper,","2023-02-11 00:36:23",FALSE,95),
        (292,"vitae purus gravida sagittis. Duis gravida. Praesent eu nulla","2022-12-13 22:17:37",TRUE,45),
        (293,"Curabitur vel lectus. Cum sociis natoque penatibus et magnis","2023-02-24 16:33:13",FALSE,118),
        (294,"pretium aliquet,","2023-02-20 08:14:03",FALSE,175),
        (295,"neque vitae","2023-02-22 11:45:46",TRUE,153),
        (296,"ut","2022-12-18 19:18:00",FALSE,236),
        (297,"eu, accumsan sed, facilisis vitae, orci.","2022-12-26 03:27:33",TRUE,154),
        (298,"sit amet lorem semper auctor. Mauris","2023-01-09 09:14:16",TRUE,23),
        (299,"mi pede, nonummy ut, molestie in, tempus eu,","2022-12-25 17:18:03",TRUE,73),
        (300,"nascetur ridiculus mus. Proin vel arcu eu odio","2022-12-07 14:06:17",TRUE,137);

    INSERT INTO `Trabaja_en` (`Legajo`,`Nro_area`) VALUES
        (1015,"11"),
        (1016,"9"),
        (1017,"9"),
        (1018,"11"),
        (1019,"9"),
        (1020,"9"),
        (1021,"11"),
        (1022,"11"),
        (1023,"11"),
        (1024,"11"),
        (1025,"9"),
        (1026,"11"),
        (1027,"9"),
        (1028,"9"),
        (1029,"11"),
        (1030,"9"),
        (1031,"11"),
        (1032,"11"),
        (1033,"11"),
        (1034,"9"),
        (1035,"9"),
        (1036,"9"),
        (1037,"11"),
        (1038,"11"),
        (1039,"11"),
        (1040,"9"),
        (1041,"11"),
        (1042,"11"),
        (1043,"9"),
        (1044,"9"),
        (1045,"9"),
        (1046,"11"),
        (1047,"9"),
        (1048,"9"),
        (1049,"9"),
        (1050,"9"),
        (1051,"9"),
        (1052,"9"),
        (1053,"11"),
        (1054,"9"),
        (1055,"11"),
        (1056,"11"),
        (1057,"9"),
        (1058,"11"),
        (1059,"9"),
        (1060,"9"),
        (1061,"9"),
        (1062,"11"),
        (1063,"9"),
        (1064,"9"),
        (1065,"11"),
        (1066,"9"),
        (1067,"11"),
        (1068,"9"),
        (1069,"11"),
        (1070,"9"),
        (1071,"9"),
        (1072,"9"),
        (1073,"11"),
        (1074,"11"),
        (1075,"9"),
        (1076,"9"),
        (1077,"9"),
        (1078,"11"),
        (1079,"11"),
        (1080,"9"),
        (1081,"11"),
        (1082,"11"),
        (1083,"9"),
        (1084,"11"),
        (1085,"11"),
        (1086,"9"),
        (1087,"11"),
        (1088,"11"),
        (1089,"11"),
        (1090,"11"),
        (1091,"11"),
        (1092,"9"),
        (1093,"9"),
        (1094,"11"),
        (1095,"9"),
        (1096,"11"),
        (1097,"9"),
        (1098,"9"),
        (1099,"9"),
        (1100,"9"),
        (1101,"11"),
        (1102,"11"),
        (1103,"11"),
        (1104,"11"),
        (1105,"11"),
        (1106,"9"),
        (1107,"9"),
        (1108,"9"),
        (1109,"11"),
        (1110,"11"),
        (1111,"9"),
        (1112,"11"),
        (1113,"9"),
        (1114,"9"),
        (1115,"11"),
        (1116,"9"),
        (1117,"9"),
        (1118,"9"),
        (1119,"9"),
        (1120,"11"),
        (1121,"9"),
        (1122,"9"),
        (1123,"11"),
        (1124,"11"),
        (1125,"11"),
        (1126,"9"),
        (1127,"11"),
        (1128,"11"),
        (1129,"11"),
        (1130,"11"),
        (1131,"9"),
        (1132,"9"),
        (1133,"9"),
        (1134,"11"),
        (1135,"11"),
        (1136,"11"),
        (1137,"11"),
        (1138,"9"),
        (1139,"11"),
        (1140,"9"),
        (1141,"11"),
        (1142,"11"),
        (1143,"9"),
        (1144,"9"),
        (1145,"9"),
        (1146,"11"),
        (1147,"11"),
        (1148,"9"),
        (1149,"11"),
        (1150,"11"),
        (1151,"9"),
        (1152,"11"),
        (1153,"11"),
        (1154,"11"),
        (1155,"9"),
        (1156,"9"),
        (1157,"9"),
        (1158,"11"),
        (1159,"9"),
        (1160,"9"),
        (1161,"9"),
        (1162,"9"),
        (1163,"9"),
        (1164,"9"),
        (1165,"9"),
        (1166,"11"),
        (1167,"9"),
        (1168,"9"),
        (1169,"11"),
        (1170,"9"),
        (1171,"11"),
        (1172,"9"),
        (1173,"9"),
        (1174,"11"),
        (1175,"11"),
        (1176,"11"),
        (1177,"9"),
        (1178,"11"),
        (1179,"11"),
        (1180,"11"),
        (1181,"9"),
        (1182,"11"),
        (1183,"9"),
        (1184,"9"),
        (1185,"9"),
        (1186,"11"),
        (1187,"11"),
        (1188,"11"),
        (1189,"11"),
        (1190,"9"),
        (1191,"9"),
        (1192,"11"),
        (1193,"9"),
        (1194,"11"),
        (1195,"11"),
        (1196,"11"),
        (1197,"9"),
        (1198,"9"),
        (1199,"9"),
        (1200,"9"),
        (1201,"9"),
        (1202,"11"),
        (1203,"9"),
        (1204,"9"),
        (1205,"11"),
        (1206,"11"),
        (1207,"11"),
        (1208,"11"),
        (1209,"11"),
        (1210,"11"),
        (1211,"11"),
        (1212,"11"),
        (1213,"11"),
        (1214,"11");

    INSERT INTO `Durante` (`Legajo`,`Nro_area`,`Id_franja`) VALUES
        (1015,"11","4"),
        (1016,"9","4"),
        (1017,"9","2"),
        (1018,"11","4"),
        (1019,"9","2"),
        (1020,"9","4"),
        (1021,"11","2"),
        (1022,"11","2"),
        (1023,"11","1"),
        (1024,"11","4"),
        (1025,"9","1"),
        (1026,"11","4"),
        (1027,"9","1"),
        (1028,"9","4"),
        (1029,"11","3"),
        (1030,"9","4"),
        (1031,"11","1"),
        (1032,"11","3"),
        (1033,"11","1"),
        (1034,"9","2"),
        (1035,"9","3"),
        (1036,"9","2"),
        (1037,"11","3"),
        (1038,"11","2"),
        (1039,"11","1"),
        (1040,"9","4"),
        (1041,"11","1"),
        (1042,"11","4"),
        (1043,"9","2"),
        (1044,"9","2"),
        (1045,"9","4"),
        (1046,"11","4"),
        (1047,"9","3"),
        (1048,"9","2"),
        (1049,"9","1"),
        (1050,"9","3"),
        (1051,"9","1"),
        (1052,"9","3"),
        (1053,"11","1"),
        (1054,"9","3"),
        (1055,"11","1"),
        (1056,"11","1"),
        (1057,"9","1"),
        (1058,"11","2"),
        (1059,"9","1"),
        (1060,"9","4"),
        (1061,"9","1"),
        (1062,"11","4"),
        (1063,"9","3"),
        (1064,"9","4"),
        (1065,"11","1"),
        (1066,"9","3"),
        (1067,"11","3"),
        (1068,"9","1"),
        (1069,"11","2"),
        (1070,"9","1"),
        (1071,"9","1"),
        (1072,"9","3"),
        (1073,"11","1"),
        (1074,"11","2"),
        (1075,"9","4"),
        (1076,"9","4"),
        (1077,"9","4"),
        (1078,"11","3"),
        (1079,"11","4"),
        (1080,"9","2"),
        (1081,"11","1"),
        (1082,"11","4"),
        (1083,"9","1"),
        (1084,"11","3"),
        (1085,"11","4"),
        (1086,"9","3"),
        (1087,"11","2"),
        (1088,"11","4"),
        (1089,"11","1"),
        (1090,"11","2"),
        (1091,"11","1"),
        (1092,"9","3"),
        (1093,"9","3"),
        (1094,"11","3"),
        (1095,"9","4"),
        (1096,"11","4"),
        (1097,"9","4"),
        (1098,"9","1"),
        (1099,"9","4"),
        (1100,"9","1"),
        (1101,"11","3"),
        (1102,"11","4"),
        (1103,"11","1"),
        (1104,"11","2"),
        (1105,"11","1"),
        (1106,"9","3"),
        (1107,"9","1"),
        (1108,"9","1"),
        (1109,"11","1"),
        (1110,"11","3"),
        (1111,"9","4"),
        (1112,"11","1"),
        (1113,"9","1"),
        (1114,"9","4"),
        (1115,"11","3"),
        (1116,"9","3"),
        (1117,"9","4"),
        (1118,"9","1"),
        (1119,"9","2"),
        (1120,"11","1"),
        (1121,"9","3"),
        (1122,"9","1"),
        (1123,"11","4"),
        (1124,"11","4"),
        (1125,"11","2"),
        (1126,"9","3"),
        (1127,"11","1"),
        (1128,"11","3"),
        (1129,"11","1"),
        (1130,"11","3"),
        (1131,"9","3"),
        (1132,"9","4"),
        (1133,"9","2"),
        (1134,"11","2"),
        (1135,"11","1"),
        (1136,"11","3"),
        (1137,"11","4"),
        (1138,"9","2"),
        (1139,"11","1"),
        (1140,"9","3"),
        (1141,"11","4"),
        (1142,"11","1"),
        (1143,"9","1"),
        (1144,"9","3"),
        (1145,"9","4"),
        (1146,"11","2"),
        (1147,"11","2"),
        (1148,"9","4"),
        (1149,"11","3"),
        (1150,"11","3"),
        (1151,"9","1"),
        (1152,"11","2"),
        (1153,"11","2"),
        (1154,"11","3"),
        (1155,"9","4"),
        (1156,"9","1"),
        (1157,"9","2"),
        (1158,"11","3"),
        (1159,"9","4"),
        (1160,"9","3"),
        (1161,"9","2"),
        (1162,"9","3"),
        (1163,"9","2"),
        (1164,"9","4"),
        (1165,"9","2"),
        (1166,"11","1"),
        (1167,"9","4"),
        (1168,"9","1"),
        (1169,"11","3"),
        (1170,"9","4"),
        (1171,"11","4"),
        (1172,"9","3"),
        (1173,"9","4"),
        (1174,"11","1"),
        (1175,"11","3"),
        (1176,"11","3"),
        (1177,"9","2"),
        (1178,"11","4"),
        (1179,"11","1"),
        (1180,"11","1"),
        (1181,"9","4"),
        (1182,"11","3"),
        (1183,"9","1"),
        (1184,"9","1"),
        (1185,"9","1"),
        (1186,"11","2"),
        (1187,"11","1"),
        (1188,"11","4"),
        (1189,"11","1"),
        (1190,"9","1"),
        (1191,"9","3"),
        (1192,"11","4"),
        (1193,"9","1"),
        (1194,"11","2"),
        (1195,"11","3"),
        (1196,"11","2"),
        (1197,"9","2"),
        (1198,"9","3"),
        (1199,"9","3"),
        (1200,"9","1"),
        (1201,"9","1"),
        (1202,"11","4"),
        (1203,"9","4"),
        (1204,"9","1"),
        (1205,"11","1"),
        (1206,"11","2"),
        (1207,"11","4"),
        (1208,"11","3"),
        (1209,"11","3"),
        (1210,"11","2"),
        (1211,"11","3"),
        (1212,"11","4"),
        (1213,"11","1"),
        (1214,"11","3");
COMMIT;
